"CountryName","ISO3","WorldRMSE","WorldVars"
"Albania","ALB",1.8862,"SPURBGROW, SPPOPDPND, SPPOPDPNDOL, SPADOTFRT, SGHMETRVLEQ, SGLAWOBHBMRNO, SGOWNPRRTIM, SPDYNCDRTIN, SPDYNIMRTFEIN, SPPOP1014MA5Y, SPPOP1564MAZS, SPPOP0509MA5Y, SPPOP0509FE, SPPOP2024MA5Y, SPPOP65UPMAZS, SPPOP6569FE5Y, SPPOP7579MA5Y, SPPOPAG02MAIN, SPPOP5054MA5Y, NYGDPTOTLRTZS, TGVALTOTLGDZS, NEGDITOTLCN, NYGNPPCAPPPCD, NYGNPMKTPCNAD, NYADJDCO2GNZS, SLEMP1524SPMAZS, SLUEM1524MAZS, TMVALMRCHALZS, TXVALMRCHALZS, AGPRDLVSKXD, PANUSPRVTPP, SHSTAOB18FEZS, SHSTAOWADZS, EGELCACCSURZS, EGELCACCSZS, SEPRMENRRFE"
"Algeria","DZA",1.3413,"SPURBGROW, SPPOPDPND, SPPOPDPNDOL, SPADOTFRT, SGHMETRVLEQ, SGLAWOBHBMRNO, SGOWNPRRTIM, SPDYNCDRTIN, SPDYNIMRTFEIN, SPPOP1014MA5Y, SPPOP1564MAZS, SPPOP0509MA5Y, SPPOP0509FE, SPPOP2024MA5Y, SPPOP65UPMAZS, SPPOP6569FE5Y, SPPOP7579MA5Y, SPPOPAG02MAIN, SPPOP5054MA5Y, NYGDPTOTLRTZS, TGVALTOTLGDZS, NEGDITOTLCN, NYGNPPCAPPPCD, NYGNPMKTPCNAD, NYADJDCO2GNZS, SLEMP1524SPMAZS, SLUEM1524MAZS, TMVALMRCHALZS, TXVALMRCHALZS, AGPRDLVSKXD, PANUSPRVTPP, SHSTAOB18FEZS, SHSTAOWADZS, EGELCACCSURZS, EGELCACCSZS, SEPRMENRRFE"
"Argentina","ARG",1.2124,"SPURBGROW, SPPOPDPND, SPPOPDPNDOL, SPADOTFRT, SGHMETRVLEQ, SGLAWOBHBMRNO, SGOWNPRRTIM, SPDYNCDRTIN, SPDYNIMRTFEIN, SPPOP1014MA5Y, SPPOP1564MAZS, SPPOP0509MA5Y, SPPOP0509FE, SPPOP2024MA5Y, SPPOP65UPMAZS, SPPOP6569FE5Y, SPPOP7579MA5Y, SPPOPAG02MAIN, SPPOP5054MA5Y, NYGDPTOTLRTZS, TGVALTOTLGDZS, NEGDITOTLCN, NYGNPPCAPPPCD, NYGNPMKTPCNAD, NYADJDCO2GNZS, SLEMP1524SPMAZS, SLUEM1524MAZS, TMVALMRCHALZS, TXVALMRCHALZS, AGPRDLVSKXD, PANUSPRVTPP, SHSTAOB18FEZS, SHSTAOWADZS, EGELCACCSURZS, EGELCACCSZS, SEPRMENRRFE"
"Armenia","ARM",0.7867,"SPURBGROW, SPPOPDPND, SPPOPDPNDOL, SPADOTFRT, SGHMETRVLEQ, SGLAWOBHBMRNO, SGOWNPRRTIM, SPDYNCDRTIN, SPDYNIMRTFEIN, SPPOP1014MA5Y, SPPOP1564MAZS, SPPOP0509MA5Y, SPPOP0509FE, SPPOP2024MA5Y, SPPOP65UPMAZS, SPPOP6569FE5Y, SPPOP7579MA5Y, SPPOPAG02MAIN, SPPOP5054MA5Y, NYGDPTOTLRTZS, TGVALTOTLGDZS, NEGDITOTLCN, NYGNPPCAPPPCD, NYGNPMKTPCNAD, NYADJDCO2GNZS, SLEMP1524SPMAZS, SLUEM1524MAZS, TMVALMRCHALZS, TXVALMRCHALZS, AGPRDLVSKXD, PANUSPRVTPP, SHSTAOB18FEZS, SHSTAOWADZS, EGELCACCSURZS, EGELCACCSZS, SEPRMENRRFE"
"Australia","AUS",2.014,"SPURBGROW, SPPOPDPND, SPPOPDPNDOL, SPADOTFRT, SGHMETRVLEQ, SGLAWOBHBMRNO, SGOWNPRRTIM, SPDYNCDRTIN, SPDYNIMRTFEIN, SPPOP1014MA5Y, SPPOP1564MAZS, SPPOP0509MA5Y, SPPOP0509FE, SPPOP2024MA5Y, SPPOP65UPMAZS, SPPOP6569FE5Y, SPPOP7579MA5Y, SPPOPAG02MAIN, SPPOP5054MA5Y, NYGDPTOTLRTZS, TGVALTOTLGDZS, NEGDITOTLCN, NYGNPPCAPPPCD, NYGNPMKTPCNAD, NYADJDCO2GNZS, SLEMP1524SPMAZS, SLUEM1524MAZS, TMVALMRCHALZS, TXVALMRCHALZS, AGPRDLVSKXD, PANUSPRVTPP, SHSTAOB18FEZS, SHSTAOWADZS, EGELCACCSURZS, EGELCACCSZS, SEPRMENRRFE"
"Austria","AUT",1.6085,"SPURBGROW, SPPOPDPND, SPPOPDPNDOL, SPADOTFRT, SGHMETRVLEQ, SGLAWOBHBMRNO, SGOWNPRRTIM, SPDYNCDRTIN, SPDYNIMRTFEIN, SPPOP1014MA5Y, SPPOP1564MAZS, SPPOP0509MA5Y, SPPOP0509FE, SPPOP2024MA5Y, SPPOP65UPMAZS, SPPOP6569FE5Y, SPPOP7579MA5Y, SPPOPAG02MAIN, SPPOP5054MA5Y, NYGDPTOTLRTZS, TGVALTOTLGDZS, NEGDITOTLCN, NYGNPPCAPPPCD, NYGNPMKTPCNAD, NYADJDCO2GNZS, SLEMP1524SPMAZS, SLUEM1524MAZS, TMVALMRCHALZS, TXVALMRCHALZS, AGPRDLVSKXD, PANUSPRVTPP, SHSTAOB18FEZS, SHSTAOWADZS, EGELCACCSURZS, EGELCACCSZS, SEPRMENRRFE"
"Azerbaijan","AZE",2.2592,"SPURBGROW, SPPOPDPND, SPPOPDPNDOL, SPADOTFRT, SGHMETRVLEQ, SGLAWOBHBMRNO, SGOWNPRRTIM, SPDYNCDRTIN, SPDYNIMRTFEIN, SPPOP1014MA5Y, SPPOP1564MAZS, SPPOP0509MA5Y, SPPOP0509FE, SPPOP2024MA5Y, SPPOP65UPMAZS, SPPOP6569FE5Y, SPPOP7579MA5Y, SPPOPAG02MAIN, SPPOP5054MA5Y, NYGDPTOTLRTZS, TGVALTOTLGDZS, NEGDITOTLCN, NYGNPPCAPPPCD, NYGNPMKTPCNAD, NYADJDCO2GNZS, SLEMP1524SPMAZS, SLUEM1524MAZS, TMVALMRCHALZS, TXVALMRCHALZS, AGPRDLVSKXD, PANUSPRVTPP, SHSTAOB18FEZS, SHSTAOWADZS, EGELCACCSURZS, EGELCACCSZS, SEPRMENRRFE"
"Bangladesh","BGD",2.9743,"SPURBGROW, SPPOPDPND, SPPOPDPNDOL, SPADOTFRT, SGHMETRVLEQ, SGLAWOBHBMRNO, SGOWNPRRTIM, SPDYNCDRTIN, SPDYNIMRTFEIN, SPPOP1014MA5Y, SPPOP1564MAZS, SPPOP0509MA5Y, SPPOP0509FE, SPPOP2024MA5Y, SPPOP65UPMAZS, SPPOP6569FE5Y, SPPOP7579MA5Y, SPPOPAG02MAIN, SPPOP5054MA5Y, NYGDPTOTLRTZS, TGVALTOTLGDZS, NEGDITOTLCN, NYGNPPCAPPPCD, NYGNPMKTPCNAD, NYADJDCO2GNZS, SLEMP1524SPMAZS, SLUEM1524MAZS, TMVALMRCHALZS, TXVALMRCHALZS, AGPRDLVSKXD, PANUSPRVTPP, SHSTAOB18FEZS, SHSTAOWADZS, EGELCACCSURZS, EGELCACCSZS, SEPRMENRRFE"
"Belarus","BLR",1.1574,"SPURBGROW, SPPOPDPND, SPPOPDPNDOL, SPADOTFRT, SGHMETRVLEQ, SGLAWOBHBMRNO, SGOWNPRRTIM, SPDYNCDRTIN, SPDYNIMRTFEIN, SPPOP1014MA5Y, SPPOP1564MAZS, SPPOP0509MA5Y, SPPOP0509FE, SPPOP2024MA5Y, SPPOP65UPMAZS, SPPOP6569FE5Y, SPPOP7579MA5Y, SPPOPAG02MAIN, SPPOP5054MA5Y, NYGDPTOTLRTZS, TGVALTOTLGDZS, NEGDITOTLCN, NYGNPPCAPPPCD, NYGNPMKTPCNAD, NYADJDCO2GNZS, SLEMP1524SPMAZS, SLUEM1524MAZS, TMVALMRCHALZS, TXVALMRCHALZS, AGPRDLVSKXD, PANUSPRVTPP, SHSTAOB18FEZS, SHSTAOWADZS, EGELCACCSURZS, EGELCACCSZS, SEPRMENRRFE"
"Belize","BLZ",0.7136,"SPURBGROW, SPPOPDPND, SPPOPDPNDOL, SPADOTFRT, SGHMETRVLEQ, SGLAWOBHBMRNO, SGOWNPRRTIM, SPDYNCDRTIN, SPDYNIMRTFEIN, SPPOP1014MA5Y, SPPOP1564MAZS, SPPOP0509MA5Y, SPPOP0509FE, SPPOP2024MA5Y, SPPOP65UPMAZS, SPPOP6569FE5Y, SPPOP7579MA5Y, SPPOPAG02MAIN, SPPOP5054MA5Y, NYGDPTOTLRTZS, TGVALTOTLGDZS, NEGDITOTLCN, NYGNPPCAPPPCD, NYGNPMKTPCNAD, NYADJDCO2GNZS, SLEMP1524SPMAZS, SLUEM1524MAZS, TMVALMRCHALZS, TXVALMRCHALZS, AGPRDLVSKXD, PANUSPRVTPP, SHSTAOB18FEZS, SHSTAOWADZS, EGELCACCSURZS, EGELCACCSZS, SEPRMENRRFE"
"Benin","BEN",3.0593,"SPURBGROW, SPPOPDPND, SPPOPDPNDOL, SPADOTFRT, SGHMETRVLEQ, SGLAWOBHBMRNO, SGOWNPRRTIM, SPDYNCDRTIN, SPDYNIMRTFEIN, SPPOP1014MA5Y, SPPOP1564MAZS, SPPOP0509MA5Y, SPPOP0509FE, SPPOP2024MA5Y, SPPOP65UPMAZS, SPPOP6569FE5Y, SPPOP7579MA5Y, SPPOPAG02MAIN, SPPOP5054MA5Y, NYGDPTOTLRTZS, TGVALTOTLGDZS, NEGDITOTLCN, NYGNPPCAPPPCD, NYGNPMKTPCNAD, NYADJDCO2GNZS, SLEMP1524SPMAZS, SLUEM1524MAZS, TMVALMRCHALZS, TXVALMRCHALZS, AGPRDLVSKXD, PANUSPRVTPP, SHSTAOB18FEZS, SHSTAOWADZS, EGELCACCSURZS, EGELCACCSZS, SEPRMENRRFE"
"Bolivia","BOL",1.0161,"SPURBGROW, SPPOPDPND, SPPOPDPNDOL, SPADOTFRT, SGHMETRVLEQ, SGLAWOBHBMRNO, SGOWNPRRTIM, SPDYNCDRTIN, SPDYNIMRTFEIN, SPPOP1014MA5Y, SPPOP1564MAZS, SPPOP0509MA5Y, SPPOP0509FE, SPPOP2024MA5Y, SPPOP65UPMAZS, SPPOP6569FE5Y, SPPOP7579MA5Y, SPPOPAG02MAIN, SPPOP5054MA5Y, NYGDPTOTLRTZS, TGVALTOTLGDZS, NEGDITOTLCN, NYGNPPCAPPPCD, NYGNPMKTPCNAD, NYADJDCO2GNZS, SLEMP1524SPMAZS, SLUEM1524MAZS, TMVALMRCHALZS, TXVALMRCHALZS, AGPRDLVSKXD, PANUSPRVTPP, SHSTAOB18FEZS, SHSTAOWADZS, EGELCACCSURZS, EGELCACCSZS, SEPRMENRRFE"
"Botswana","BWA",2.5993,"SPURBGROW, SPPOPDPND, SPPOPDPNDOL, SPADOTFRT, SGHMETRVLEQ, SGLAWOBHBMRNO, SGOWNPRRTIM, SPDYNCDRTIN, SPDYNIMRTFEIN, SPPOP1014MA5Y, SPPOP1564MAZS, SPPOP0509MA5Y, SPPOP0509FE, SPPOP2024MA5Y, SPPOP65UPMAZS, SPPOP6569FE5Y, SPPOP7579MA5Y, SPPOPAG02MAIN, SPPOP5054MA5Y, NYGDPTOTLRTZS, TGVALTOTLGDZS, NEGDITOTLCN, NYGNPPCAPPPCD, NYGNPMKTPCNAD, NYADJDCO2GNZS, SLEMP1524SPMAZS, SLUEM1524MAZS, TMVALMRCHALZS, TXVALMRCHALZS, AGPRDLVSKXD, PANUSPRVTPP, SHSTAOB18FEZS, SHSTAOWADZS, EGELCACCSURZS, EGELCACCSZS, SEPRMENRRFE"
"Brazil","BRA",0.5848,"SPURBGROW, SPPOPDPND, SPPOPDPNDOL, SPADOTFRT, SGHMETRVLEQ, SGLAWOBHBMRNO, SGOWNPRRTIM, SPDYNCDRTIN, SPDYNIMRTFEIN, SPPOP1014MA5Y, SPPOP1564MAZS, SPPOP0509MA5Y, SPPOP0509FE, SPPOP2024MA5Y, SPPOP65UPMAZS, SPPOP6569FE5Y, SPPOP7579MA5Y, SPPOPAG02MAIN, SPPOP5054MA5Y, NYGDPTOTLRTZS, TGVALTOTLGDZS, NEGDITOTLCN, NYGNPPCAPPPCD, NYGNPMKTPCNAD, NYADJDCO2GNZS, SLEMP1524SPMAZS, SLUEM1524MAZS, TMVALMRCHALZS, TXVALMRCHALZS, AGPRDLVSKXD, PANUSPRVTPP, SHSTAOB18FEZS, SHSTAOWADZS, EGELCACCSURZS, EGELCACCSZS, SEPRMENRRFE"
"Bulgaria","BGR",1.1928,"SPURBGROW, SPPOPDPND, SPPOPDPNDOL, SPADOTFRT, SGHMETRVLEQ, SGLAWOBHBMRNO, SGOWNPRRTIM, SPDYNCDRTIN, SPDYNIMRTFEIN, SPPOP1014MA5Y, SPPOP1564MAZS, SPPOP0509MA5Y, SPPOP0509FE, SPPOP2024MA5Y, SPPOP65UPMAZS, SPPOP6569FE5Y, SPPOP7579MA5Y, SPPOPAG02MAIN, SPPOP5054MA5Y, NYGDPTOTLRTZS, TGVALTOTLGDZS, NEGDITOTLCN, NYGNPPCAPPPCD, NYGNPMKTPCNAD, NYADJDCO2GNZS, SLEMP1524SPMAZS, SLUEM1524MAZS, TMVALMRCHALZS, TXVALMRCHALZS, AGPRDLVSKXD, PANUSPRVTPP, SHSTAOB18FEZS, SHSTAOWADZS, EGELCACCSURZS, EGELCACCSZS, SEPRMENRRFE"
"Burkina Faso","BFA",3.2101,"SPURBGROW, SPPOPDPND, SPPOPDPNDOL, SPADOTFRT, SGHMETRVLEQ, SGLAWOBHBMRNO, SGOWNPRRTIM, SPDYNCDRTIN, SPDYNIMRTFEIN, SPPOP1014MA5Y, SPPOP1564MAZS, SPPOP0509MA5Y, SPPOP0509FE, SPPOP2024MA5Y, SPPOP65UPMAZS, SPPOP6569FE5Y, SPPOP7579MA5Y, SPPOPAG02MAIN, SPPOP5054MA5Y, NYGDPTOTLRTZS, TGVALTOTLGDZS, NEGDITOTLCN, NYGNPPCAPPPCD, NYGNPMKTPCNAD, NYADJDCO2GNZS, SLEMP1524SPMAZS, SLUEM1524MAZS, TMVALMRCHALZS, TXVALMRCHALZS, AGPRDLVSKXD, PANUSPRVTPP, SHSTAOB18FEZS, SHSTAOWADZS, EGELCACCSURZS, EGELCACCSZS, SEPRMENRRFE"
"Burundi","BDI",2.9144,"SPURBGROW, SPPOPDPND, SPPOPDPNDOL, SPADOTFRT, SGHMETRVLEQ, SGLAWOBHBMRNO, SGOWNPRRTIM, SPDYNCDRTIN, SPDYNIMRTFEIN, SPPOP1014MA5Y, SPPOP1564MAZS, SPPOP0509MA5Y, SPPOP0509FE, SPPOP2024MA5Y, SPPOP65UPMAZS, SPPOP6569FE5Y, SPPOP7579MA5Y, SPPOPAG02MAIN, SPPOP5054MA5Y, NYGDPTOTLRTZS, TGVALTOTLGDZS, NEGDITOTLCN, NYGNPPCAPPPCD, NYGNPMKTPCNAD, NYADJDCO2GNZS, SLEMP1524SPMAZS, SLUEM1524MAZS, TMVALMRCHALZS, TXVALMRCHALZS, AGPRDLVSKXD, PANUSPRVTPP, SHSTAOB18FEZS, SHSTAOWADZS, EGELCACCSURZS, EGELCACCSZS, SEPRMENRRFE"
"Cambodia","KHM",2.9171,"SPURBGROW, SPPOPDPND, SPPOPDPNDOL, SPADOTFRT, SGHMETRVLEQ, SGLAWOBHBMRNO, SGOWNPRRTIM, SPDYNCDRTIN, SPDYNIMRTFEIN, SPPOP1014MA5Y, SPPOP1564MAZS, SPPOP0509MA5Y, SPPOP0509FE, SPPOP2024MA5Y, SPPOP65UPMAZS, SPPOP6569FE5Y, SPPOP7579MA5Y, SPPOPAG02MAIN, SPPOP5054MA5Y, NYGDPTOTLRTZS, TGVALTOTLGDZS, NEGDITOTLCN, NYGNPPCAPPPCD, NYGNPMKTPCNAD, NYADJDCO2GNZS, SLEMP1524SPMAZS, SLUEM1524MAZS, TMVALMRCHALZS, TXVALMRCHALZS, AGPRDLVSKXD, PANUSPRVTPP, SHSTAOB18FEZS, SHSTAOWADZS, EGELCACCSURZS, EGELCACCSZS, SEPRMENRRFE"
"Cameroon","CMR",2.8807,"SPURBGROW, SPPOPDPND, SPPOPDPNDOL, SPADOTFRT, SGHMETRVLEQ, SGLAWOBHBMRNO, SGOWNPRRTIM, SPDYNCDRTIN, SPDYNIMRTFEIN, SPPOP1014MA5Y, SPPOP1564MAZS, SPPOP0509MA5Y, SPPOP0509FE, SPPOP2024MA5Y, SPPOP65UPMAZS, SPPOP6569FE5Y, SPPOP7579MA5Y, SPPOPAG02MAIN, SPPOP5054MA5Y, NYGDPTOTLRTZS, TGVALTOTLGDZS, NEGDITOTLCN, NYGNPPCAPPPCD, NYGNPMKTPCNAD, NYADJDCO2GNZS, SLEMP1524SPMAZS, SLUEM1524MAZS, TMVALMRCHALZS, TXVALMRCHALZS, AGPRDLVSKXD, PANUSPRVTPP, SHSTAOB18FEZS, SHSTAOWADZS, EGELCACCSURZS, EGELCACCSZS, SEPRMENRRFE"
"Chile","CHL",1.5284,"SPURBGROW, SPPOPDPND, SPPOPDPNDOL, SPADOTFRT, SGHMETRVLEQ, SGLAWOBHBMRNO, SGOWNPRRTIM, SPDYNCDRTIN, SPDYNIMRTFEIN, SPPOP1014MA5Y, SPPOP1564MAZS, SPPOP0509MA5Y, SPPOP0509FE, SPPOP2024MA5Y, SPPOP65UPMAZS, SPPOP6569FE5Y, SPPOP7579MA5Y, SPPOPAG02MAIN, SPPOP5054MA5Y, NYGDPTOTLRTZS, TGVALTOTLGDZS, NEGDITOTLCN, NYGNPPCAPPPCD, NYGNPMKTPCNAD, NYADJDCO2GNZS, SLEMP1524SPMAZS, SLUEM1524MAZS, TMVALMRCHALZS, TXVALMRCHALZS, AGPRDLVSKXD, PANUSPRVTPP, SHSTAOB18FEZS, SHSTAOWADZS, EGELCACCSURZS, EGELCACCSZS, SEPRMENRRFE"
"China","CHN",3.6162,"SPURBGROW, SPPOPDPND, SPPOPDPNDOL, SPADOTFRT, SGHMETRVLEQ, SGLAWOBHBMRNO, SGOWNPRRTIM, SPDYNCDRTIN, SPDYNIMRTFEIN, SPPOP1014MA5Y, SPPOP1564MAZS, SPPOP0509MA5Y, SPPOP0509FE, SPPOP2024MA5Y, SPPOP65UPMAZS, SPPOP6569FE5Y, SPPOP7579MA5Y, SPPOPAG02MAIN, SPPOP5054MA5Y, NYGDPTOTLRTZS, TGVALTOTLGDZS, NEGDITOTLCN, NYGNPPCAPPPCD, NYGNPMKTPCNAD, NYADJDCO2GNZS, SLEMP1524SPMAZS, SLUEM1524MAZS, TMVALMRCHALZS, TXVALMRCHALZS, AGPRDLVSKXD, PANUSPRVTPP, SHSTAOB18FEZS, SHSTAOWADZS, EGELCACCSURZS, EGELCACCSZS, SEPRMENRRFE"
"Colombia","COL",1.5449,"SPURBGROW, SPPOPDPND, SPPOPDPNDOL, SPADOTFRT, SGHMETRVLEQ, SGLAWOBHBMRNO, SGOWNPRRTIM, SPDYNCDRTIN, SPDYNIMRTFEIN, SPPOP1014MA5Y, SPPOP1564MAZS, SPPOP0509MA5Y, SPPOP0509FE, SPPOP2024MA5Y, SPPOP65UPMAZS, SPPOP6569FE5Y, SPPOP7579MA5Y, SPPOPAG02MAIN, SPPOP5054MA5Y, NYGDPTOTLRTZS, TGVALTOTLGDZS, NEGDITOTLCN, NYGNPPCAPPPCD, NYGNPMKTPCNAD, NYADJDCO2GNZS, SLEMP1524SPMAZS, SLUEM1524MAZS, TMVALMRCHALZS, TXVALMRCHALZS, AGPRDLVSKXD, PANUSPRVTPP, SHSTAOB18FEZS, SHSTAOWADZS, EGELCACCSURZS, EGELCACCSZS, SEPRMENRRFE"
"Congo, Rep.","COG",3.006,"SPURBGROW, SPPOPDPND, SPPOPDPNDOL, SPADOTFRT, SGHMETRVLEQ, SGLAWOBHBMRNO, SGOWNPRRTIM, SPDYNCDRTIN, SPDYNIMRTFEIN, SPPOP1014MA5Y, SPPOP1564MAZS, SPPOP0509MA5Y, SPPOP0509FE, SPPOP2024MA5Y, SPPOP65UPMAZS, SPPOP6569FE5Y, SPPOP7579MA5Y, SPPOPAG02MAIN, SPPOP5054MA5Y, NYGDPTOTLRTZS, TGVALTOTLGDZS, NEGDITOTLCN, NYGNPPCAPPPCD, NYGNPMKTPCNAD, NYADJDCO2GNZS, SLEMP1524SPMAZS, SLUEM1524MAZS, TMVALMRCHALZS, TXVALMRCHALZS, AGPRDLVSKXD, PANUSPRVTPP, SHSTAOB18FEZS, SHSTAOWADZS, EGELCACCSURZS, EGELCACCSZS, SEPRMENRRFE"
"Costa Rica","CRI",0.7459,"SPURBGROW, SPPOPDPND, SPPOPDPNDOL, SPADOTFRT, SGHMETRVLEQ, SGLAWOBHBMRNO, SGOWNPRRTIM, SPDYNCDRTIN, SPDYNIMRTFEIN, SPPOP1014MA5Y, SPPOP1564MAZS, SPPOP0509MA5Y, SPPOP0509FE, SPPOP2024MA5Y, SPPOP65UPMAZS, SPPOP6569FE5Y, SPPOP7579MA5Y, SPPOPAG02MAIN, SPPOP5054MA5Y, NYGDPTOTLRTZS, TGVALTOTLGDZS, NEGDITOTLCN, NYGNPPCAPPPCD, NYGNPMKTPCNAD, NYADJDCO2GNZS, SLEMP1524SPMAZS, SLUEM1524MAZS, TMVALMRCHALZS, TXVALMRCHALZS, AGPRDLVSKXD, PANUSPRVTPP, SHSTAOB18FEZS, SHSTAOWADZS, EGELCACCSURZS, EGELCACCSZS, SEPRMENRRFE"
"Cote d'Ivoire","CIV",2.5939,"SPURBGROW, SPPOPDPND, SPPOPDPNDOL, SPADOTFRT, SGHMETRVLEQ, SGLAWOBHBMRNO, SGOWNPRRTIM, SPDYNCDRTIN, SPDYNIMRTFEIN, SPPOP1014MA5Y, SPPOP1564MAZS, SPPOP0509MA5Y, SPPOP0509FE, SPPOP2024MA5Y, SPPOP65UPMAZS, SPPOP6569FE5Y, SPPOP7579MA5Y, SPPOPAG02MAIN, SPPOP5054MA5Y, NYGDPTOTLRTZS, TGVALTOTLGDZS, NEGDITOTLCN, NYGNPPCAPPPCD, NYGNPMKTPCNAD, NYADJDCO2GNZS, SLEMP1524SPMAZS, SLUEM1524MAZS, TMVALMRCHALZS, TXVALMRCHALZS, AGPRDLVSKXD, PANUSPRVTPP, SHSTAOB18FEZS, SHSTAOWADZS, EGELCACCSURZS, EGELCACCSZS, SEPRMENRRFE"
"Croatia","HRV",1.028,"SPURBGROW, SPPOPDPND, SPPOPDPNDOL, SPADOTFRT, SGHMETRVLEQ, SGLAWOBHBMRNO, SGOWNPRRTIM, SPDYNCDRTIN, SPDYNIMRTFEIN, SPPOP1014MA5Y, SPPOP1564MAZS, SPPOP0509MA5Y, SPPOP0509FE, SPPOP2024MA5Y, SPPOP65UPMAZS, SPPOP6569FE5Y, SPPOP7579MA5Y, SPPOPAG02MAIN, SPPOP5054MA5Y, NYGDPTOTLRTZS, TGVALTOTLGDZS, NEGDITOTLCN, NYGNPPCAPPPCD, NYGNPMKTPCNAD, NYADJDCO2GNZS, SLEMP1524SPMAZS, SLUEM1524MAZS, TMVALMRCHALZS, TXVALMRCHALZS, AGPRDLVSKXD, PANUSPRVTPP, SHSTAOB18FEZS, SHSTAOWADZS, EGELCACCSURZS, EGELCACCSZS, SEPRMENRRFE"
"Cyprus","CYP",2.0297,"SPURBGROW, SPPOPDPND, SPPOPDPNDOL, SPADOTFRT, SGHMETRVLEQ, SGLAWOBHBMRNO, SGOWNPRRTIM, SPDYNCDRTIN, SPDYNIMRTFEIN, SPPOP1014MA5Y, SPPOP1564MAZS, SPPOP0509MA5Y, SPPOP0509FE, SPPOP2024MA5Y, SPPOP65UPMAZS, SPPOP6569FE5Y, SPPOP7579MA5Y, SPPOPAG02MAIN, SPPOP5054MA5Y, NYGDPTOTLRTZS, TGVALTOTLGDZS, NEGDITOTLCN, NYGNPPCAPPPCD, NYGNPMKTPCNAD, NYADJDCO2GNZS, SLEMP1524SPMAZS, SLUEM1524MAZS, TMVALMRCHALZS, TXVALMRCHALZS, AGPRDLVSKXD, PANUSPRVTPP, SHSTAOB18FEZS, SHSTAOWADZS, EGELCACCSURZS, EGELCACCSZS, SEPRMENRRFE"
"Czech Republic","CZE",1.2245,"SPURBGROW, SPPOPDPND, SPPOPDPNDOL, SPADOTFRT, SGHMETRVLEQ, SGLAWOBHBMRNO, SGOWNPRRTIM, SPDYNCDRTIN, SPDYNIMRTFEIN, SPPOP1014MA5Y, SPPOP1564MAZS, SPPOP0509MA5Y, SPPOP0509FE, SPPOP2024MA5Y, SPPOP65UPMAZS, SPPOP6569FE5Y, SPPOP7579MA5Y, SPPOPAG02MAIN, SPPOP5054MA5Y, NYGDPTOTLRTZS, TGVALTOTLGDZS, NEGDITOTLCN, NYGNPPCAPPPCD, NYGNPMKTPCNAD, NYADJDCO2GNZS, SLEMP1524SPMAZS, SLUEM1524MAZS, TMVALMRCHALZS, TXVALMRCHALZS, AGPRDLVSKXD, PANUSPRVTPP, SHSTAOB18FEZS, SHSTAOWADZS, EGELCACCSURZS, EGELCACCSZS, SEPRMENRRFE"
"Denmark","DNK",1.5335,"SPURBGROW, SPPOPDPND, SPPOPDPNDOL, SPADOTFRT, SGHMETRVLEQ, SGLAWOBHBMRNO, SGOWNPRRTIM, SPDYNCDRTIN, SPDYNIMRTFEIN, SPPOP1014MA5Y, SPPOP1564MAZS, SPPOP0509MA5Y, SPPOP0509FE, SPPOP2024MA5Y, SPPOP65UPMAZS, SPPOP6569FE5Y, SPPOP7579MA5Y, SPPOPAG02MAIN, SPPOP5054MA5Y, NYGDPTOTLRTZS, TGVALTOTLGDZS, NEGDITOTLCN, NYGNPPCAPPPCD, NYGNPMKTPCNAD, NYADJDCO2GNZS, SLEMP1524SPMAZS, SLUEM1524MAZS, TMVALMRCHALZS, TXVALMRCHALZS, AGPRDLVSKXD, PANUSPRVTPP, SHSTAOB18FEZS, SHSTAOWADZS, EGELCACCSURZS, EGELCACCSZS, SEPRMENRRFE"
"Dominican Republic","DOM",0.5673,"SPURBGROW, SPPOPDPND, SPPOPDPNDOL, SPADOTFRT, SGHMETRVLEQ, SGLAWOBHBMRNO, SGOWNPRRTIM, SPDYNCDRTIN, SPDYNIMRTFEIN, SPPOP1014MA5Y, SPPOP1564MAZS, SPPOP0509MA5Y, SPPOP0509FE, SPPOP2024MA5Y, SPPOP65UPMAZS, SPPOP6569FE5Y, SPPOP7579MA5Y, SPPOPAG02MAIN, SPPOP5054MA5Y, NYGDPTOTLRTZS, TGVALTOTLGDZS, NEGDITOTLCN, NYGNPPCAPPPCD, NYGNPMKTPCNAD, NYADJDCO2GNZS, SLEMP1524SPMAZS, SLUEM1524MAZS, TMVALMRCHALZS, TXVALMRCHALZS, AGPRDLVSKXD, PANUSPRVTPP, SHSTAOB18FEZS, SHSTAOWADZS, EGELCACCSURZS, EGELCACCSZS, SEPRMENRRFE"
"Ecuador","ECU",0.8778,"SPURBGROW, SPPOPDPND, SPPOPDPNDOL, SPADOTFRT, SGHMETRVLEQ, SGLAWOBHBMRNO, SGOWNPRRTIM, SPDYNCDRTIN, SPDYNIMRTFEIN, SPPOP1014MA5Y, SPPOP1564MAZS, SPPOP0509MA5Y, SPPOP0509FE, SPPOP2024MA5Y, SPPOP65UPMAZS, SPPOP6569FE5Y, SPPOP7579MA5Y, SPPOPAG02MAIN, SPPOP5054MA5Y, NYGDPTOTLRTZS, TGVALTOTLGDZS, NEGDITOTLCN, NYGNPPCAPPPCD, NYGNPMKTPCNAD, NYADJDCO2GNZS, SLEMP1524SPMAZS, SLUEM1524MAZS, TMVALMRCHALZS, TXVALMRCHALZS, AGPRDLVSKXD, PANUSPRVTPP, SHSTAOB18FEZS, SHSTAOWADZS, EGELCACCSURZS, EGELCACCSZS, SEPRMENRRFE"
"Egypt, Arab Rep.","EGY",0.7933,"SPURBGROW, SPPOPDPND, SPPOPDPNDOL, SPADOTFRT, SGHMETRVLEQ, SGLAWOBHBMRNO, SGOWNPRRTIM, SPDYNCDRTIN, SPDYNIMRTFEIN, SPPOP1014MA5Y, SPPOP1564MAZS, SPPOP0509MA5Y, SPPOP0509FE, SPPOP2024MA5Y, SPPOP65UPMAZS, SPPOP6569FE5Y, SPPOP7579MA5Y, SPPOPAG02MAIN, SPPOP5054MA5Y, NYGDPTOTLRTZS, TGVALTOTLGDZS, NEGDITOTLCN, NYGNPPCAPPPCD, NYGNPMKTPCNAD, NYADJDCO2GNZS, SLEMP1524SPMAZS, SLUEM1524MAZS, TMVALMRCHALZS, TXVALMRCHALZS, AGPRDLVSKXD, PANUSPRVTPP, SHSTAOB18FEZS, SHSTAOWADZS, EGELCACCSURZS, EGELCACCSZS, SEPRMENRRFE"
"El Salvador","SLV",1.1827,"SPURBGROW, SPPOPDPND, SPPOPDPNDOL, SPADOTFRT, SGHMETRVLEQ, SGLAWOBHBMRNO, SGOWNPRRTIM, SPDYNCDRTIN, SPDYNIMRTFEIN, SPPOP1014MA5Y, SPPOP1564MAZS, SPPOP0509MA5Y, SPPOP0509FE, SPPOP2024MA5Y, SPPOP65UPMAZS, SPPOP6569FE5Y, SPPOP7579MA5Y, SPPOPAG02MAIN, SPPOP5054MA5Y, NYGDPTOTLRTZS, TGVALTOTLGDZS, NEGDITOTLCN, NYGNPPCAPPPCD, NYGNPMKTPCNAD, NYADJDCO2GNZS, SLEMP1524SPMAZS, SLUEM1524MAZS, TMVALMRCHALZS, TXVALMRCHALZS, AGPRDLVSKXD, PANUSPRVTPP, SHSTAOB18FEZS, SHSTAOWADZS, EGELCACCSURZS, EGELCACCSZS, SEPRMENRRFE"
"Estonia","EST",1.0244,"SPURBGROW, SPPOPDPND, SPPOPDPNDOL, SPADOTFRT, SGHMETRVLEQ, SGLAWOBHBMRNO, SGOWNPRRTIM, SPDYNCDRTIN, SPDYNIMRTFEIN, SPPOP1014MA5Y, SPPOP1564MAZS, SPPOP0509MA5Y, SPPOP0509FE, SPPOP2024MA5Y, SPPOP65UPMAZS, SPPOP6569FE5Y, SPPOP7579MA5Y, SPPOPAG02MAIN, SPPOP5054MA5Y, NYGDPTOTLRTZS, TGVALTOTLGDZS, NEGDITOTLCN, NYGNPPCAPPPCD, NYGNPMKTPCNAD, NYADJDCO2GNZS, SLEMP1524SPMAZS, SLUEM1524MAZS, TMVALMRCHALZS, TXVALMRCHALZS, AGPRDLVSKXD, PANUSPRVTPP, SHSTAOB18FEZS, SHSTAOWADZS, EGELCACCSURZS, EGELCACCSZS, SEPRMENRRFE"
"Ethiopia","ETH",3.0134,"SPURBGROW, SPPOPDPND, SPPOPDPNDOL, SPADOTFRT, SGHMETRVLEQ, SGLAWOBHBMRNO, SGOWNPRRTIM, SPDYNCDRTIN, SPDYNIMRTFEIN, SPPOP1014MA5Y, SPPOP1564MAZS, SPPOP0509MA5Y, SPPOP0509FE, SPPOP2024MA5Y, SPPOP65UPMAZS, SPPOP6569FE5Y, SPPOP7579MA5Y, SPPOPAG02MAIN, SPPOP5054MA5Y, NYGDPTOTLRTZS, TGVALTOTLGDZS, NEGDITOTLCN, NYGNPPCAPPPCD, NYGNPMKTPCNAD, NYADJDCO2GNZS, SLEMP1524SPMAZS, SLUEM1524MAZS, TMVALMRCHALZS, TXVALMRCHALZS, AGPRDLVSKXD, PANUSPRVTPP, SHSTAOB18FEZS, SHSTAOWADZS, EGELCACCSURZS, EGELCACCSZS, SEPRMENRRFE"
"Finland","FIN",1.8041,"SPURBGROW, SPPOPDPND, SPPOPDPNDOL, SPADOTFRT, SGHMETRVLEQ, SGLAWOBHBMRNO, SGOWNPRRTIM, SPDYNCDRTIN, SPDYNIMRTFEIN, SPPOP1014MA5Y, SPPOP1564MAZS, SPPOP0509MA5Y, SPPOP0509FE, SPPOP2024MA5Y, SPPOP65UPMAZS, SPPOP6569FE5Y, SPPOP7579MA5Y, SPPOPAG02MAIN, SPPOP5054MA5Y, NYGDPTOTLRTZS, TGVALTOTLGDZS, NEGDITOTLCN, NYGNPPCAPPPCD, NYGNPMKTPCNAD, NYADJDCO2GNZS, SLEMP1524SPMAZS, SLUEM1524MAZS, TMVALMRCHALZS, TXVALMRCHALZS, AGPRDLVSKXD, PANUSPRVTPP, SHSTAOB18FEZS, SHSTAOWADZS, EGELCACCSURZS, EGELCACCSZS, SEPRMENRRFE"
"France","FRA",1.3386,"SPURBGROW, SPPOPDPND, SPPOPDPNDOL, SPADOTFRT, SGHMETRVLEQ, SGLAWOBHBMRNO, SGOWNPRRTIM, SPDYNCDRTIN, SPDYNIMRTFEIN, SPPOP1014MA5Y, SPPOP1564MAZS, SPPOP0509MA5Y, SPPOP0509FE, SPPOP2024MA5Y, SPPOP65UPMAZS, SPPOP6569FE5Y, SPPOP7579MA5Y, SPPOPAG02MAIN, SPPOP5054MA5Y, NYGDPTOTLRTZS, TGVALTOTLGDZS, NEGDITOTLCN, NYGNPPCAPPPCD, NYGNPMKTPCNAD, NYADJDCO2GNZS, SLEMP1524SPMAZS, SLUEM1524MAZS, TMVALMRCHALZS, TXVALMRCHALZS, AGPRDLVSKXD, PANUSPRVTPP, SHSTAOB18FEZS, SHSTAOWADZS, EGELCACCSURZS, EGELCACCSZS, SEPRMENRRFE"
"Georgia","GEO",0.6349,"SPURBGROW, SPPOPDPND, SPPOPDPNDOL, SPADOTFRT, SGHMETRVLEQ, SGLAWOBHBMRNO, SGOWNPRRTIM, SPDYNCDRTIN, SPDYNIMRTFEIN, SPPOP1014MA5Y, SPPOP1564MAZS, SPPOP0509MA5Y, SPPOP0509FE, SPPOP2024MA5Y, SPPOP65UPMAZS, SPPOP6569FE5Y, SPPOP7579MA5Y, SPPOPAG02MAIN, SPPOP5054MA5Y, NYGDPTOTLRTZS, TGVALTOTLGDZS, NEGDITOTLCN, NYGNPPCAPPPCD, NYGNPMKTPCNAD, NYADJDCO2GNZS, SLEMP1524SPMAZS, SLUEM1524MAZS, TMVALMRCHALZS, TXVALMRCHALZS, AGPRDLVSKXD, PANUSPRVTPP, SHSTAOB18FEZS, SHSTAOWADZS, EGELCACCSURZS, EGELCACCSZS, SEPRMENRRFE"
"Germany","DEU",1.8385,"SPURBGROW, SPPOPDPND, SPPOPDPNDOL, SPADOTFRT, SGHMETRVLEQ, SGLAWOBHBMRNO, SGOWNPRRTIM, SPDYNCDRTIN, SPDYNIMRTFEIN, SPPOP1014MA5Y, SPPOP1564MAZS, SPPOP0509MA5Y, SPPOP0509FE, SPPOP2024MA5Y, SPPOP65UPMAZS, SPPOP6569FE5Y, SPPOP7579MA5Y, SPPOPAG02MAIN, SPPOP5054MA5Y, NYGDPTOTLRTZS, TGVALTOTLGDZS, NEGDITOTLCN, NYGNPPCAPPPCD, NYGNPMKTPCNAD, NYADJDCO2GNZS, SLEMP1524SPMAZS, SLUEM1524MAZS, TMVALMRCHALZS, TXVALMRCHALZS, AGPRDLVSKXD, PANUSPRVTPP, SHSTAOB18FEZS, SHSTAOWADZS, EGELCACCSURZS, EGELCACCSZS, SEPRMENRRFE"
"Ghana","GHA",2.6624,"SPURBGROW, SPPOPDPND, SPPOPDPNDOL, SPADOTFRT, SGHMETRVLEQ, SGLAWOBHBMRNO, SGOWNPRRTIM, SPDYNCDRTIN, SPDYNIMRTFEIN, SPPOP1014MA5Y, SPPOP1564MAZS, SPPOP0509MA5Y, SPPOP0509FE, SPPOP2024MA5Y, SPPOP65UPMAZS, SPPOP6569FE5Y, SPPOP7579MA5Y, SPPOPAG02MAIN, SPPOP5054MA5Y, NYGDPTOTLRTZS, TGVALTOTLGDZS, NEGDITOTLCN, NYGNPPCAPPPCD, NYGNPMKTPCNAD, NYADJDCO2GNZS, SLEMP1524SPMAZS, SLUEM1524MAZS, TMVALMRCHALZS, TXVALMRCHALZS, AGPRDLVSKXD, PANUSPRVTPP, SHSTAOB18FEZS, SHSTAOWADZS, EGELCACCSURZS, EGELCACCSZS, SEPRMENRRFE"
"Greece","GRC",1.1039,"SPURBGROW, SPPOPDPND, SPPOPDPNDOL, SPADOTFRT, SGHMETRVLEQ, SGLAWOBHBMRNO, SGOWNPRRTIM, SPDYNCDRTIN, SPDYNIMRTFEIN, SPPOP1014MA5Y, SPPOP1564MAZS, SPPOP0509MA5Y, SPPOP0509FE, SPPOP2024MA5Y, SPPOP65UPMAZS, SPPOP6569FE5Y, SPPOP7579MA5Y, SPPOPAG02MAIN, SPPOP5054MA5Y, NYGDPTOTLRTZS, TGVALTOTLGDZS, NEGDITOTLCN, NYGNPPCAPPPCD, NYGNPMKTPCNAD, NYADJDCO2GNZS, SLEMP1524SPMAZS, SLUEM1524MAZS, TMVALMRCHALZS, TXVALMRCHALZS, AGPRDLVSKXD, PANUSPRVTPP, SHSTAOB18FEZS, SHSTAOWADZS, EGELCACCSURZS, EGELCACCSZS, SEPRMENRRFE"
"Guatemala","GTM",0.8703,"SPURBGROW, SPPOPDPND, SPPOPDPNDOL, SPADOTFRT, SGHMETRVLEQ, SGLAWOBHBMRNO, SGOWNPRRTIM, SPDYNCDRTIN, SPDYNIMRTFEIN, SPPOP1014MA5Y, SPPOP1564MAZS, SPPOP0509MA5Y, SPPOP0509FE, SPPOP2024MA5Y, SPPOP65UPMAZS, SPPOP6569FE5Y, SPPOP7579MA5Y, SPPOPAG02MAIN, SPPOP5054MA5Y, NYGDPTOTLRTZS, TGVALTOTLGDZS, NEGDITOTLCN, NYGNPPCAPPPCD, NYGNPMKTPCNAD, NYADJDCO2GNZS, SLEMP1524SPMAZS, SLUEM1524MAZS, TMVALMRCHALZS, TXVALMRCHALZS, AGPRDLVSKXD, PANUSPRVTPP, SHSTAOB18FEZS, SHSTAOWADZS, EGELCACCSURZS, EGELCACCSZS, SEPRMENRRFE"
"Honduras","HND",1.0028,"SPURBGROW, SPPOPDPND, SPPOPDPNDOL, SPADOTFRT, SGHMETRVLEQ, SGLAWOBHBMRNO, SGOWNPRRTIM, SPDYNCDRTIN, SPDYNIMRTFEIN, SPPOP1014MA5Y, SPPOP1564MAZS, SPPOP0509MA5Y, SPPOP0509FE, SPPOP2024MA5Y, SPPOP65UPMAZS, SPPOP6569FE5Y, SPPOP7579MA5Y, SPPOPAG02MAIN, SPPOP5054MA5Y, NYGDPTOTLRTZS, TGVALTOTLGDZS, NEGDITOTLCN, NYGNPPCAPPPCD, NYGNPMKTPCNAD, NYADJDCO2GNZS, SLEMP1524SPMAZS, SLUEM1524MAZS, TMVALMRCHALZS, TXVALMRCHALZS, AGPRDLVSKXD, PANUSPRVTPP, SHSTAOB18FEZS, SHSTAOWADZS, EGELCACCSURZS, EGELCACCSZS, SEPRMENRRFE"
"Hungary","HUN",1.0824,"SPURBGROW, SPPOPDPND, SPPOPDPNDOL, SPADOTFRT, SGHMETRVLEQ, SGLAWOBHBMRNO, SGOWNPRRTIM, SPDYNCDRTIN, SPDYNIMRTFEIN, SPPOP1014MA5Y, SPPOP1564MAZS, SPPOP0509MA5Y, SPPOP0509FE, SPPOP2024MA5Y, SPPOP65UPMAZS, SPPOP6569FE5Y, SPPOP7579MA5Y, SPPOPAG02MAIN, SPPOP5054MA5Y, NYGDPTOTLRTZS, TGVALTOTLGDZS, NEGDITOTLCN, NYGNPPCAPPPCD, NYGNPMKTPCNAD, NYADJDCO2GNZS, SLEMP1524SPMAZS, SLUEM1524MAZS, TMVALMRCHALZS, TXVALMRCHALZS, AGPRDLVSKXD, PANUSPRVTPP, SHSTAOB18FEZS, SHSTAOWADZS, EGELCACCSURZS, EGELCACCSZS, SEPRMENRRFE"
"India","IND",3.3206,"SPURBGROW, SPPOPDPND, SPPOPDPNDOL, SPADOTFRT, SGHMETRVLEQ, SGLAWOBHBMRNO, SGOWNPRRTIM, SPDYNCDRTIN, SPDYNIMRTFEIN, SPPOP1014MA5Y, SPPOP1564MAZS, SPPOP0509MA5Y, SPPOP0509FE, SPPOP2024MA5Y, SPPOP65UPMAZS, SPPOP6569FE5Y, SPPOP7579MA5Y, SPPOPAG02MAIN, SPPOP5054MA5Y, NYGDPTOTLRTZS, TGVALTOTLGDZS, NEGDITOTLCN, NYGNPPCAPPPCD, NYGNPMKTPCNAD, NYADJDCO2GNZS, SLEMP1524SPMAZS, SLUEM1524MAZS, TMVALMRCHALZS, TXVALMRCHALZS, AGPRDLVSKXD, PANUSPRVTPP, SHSTAOB18FEZS, SHSTAOWADZS, EGELCACCSURZS, EGELCACCSZS, SEPRMENRRFE"
"Indonesia","IDN",1.2763,"SPURBGROW, SPPOPDPND, SPPOPDPNDOL, SPADOTFRT, SGHMETRVLEQ, SGLAWOBHBMRNO, SGOWNPRRTIM, SPDYNCDRTIN, SPDYNIMRTFEIN, SPPOP1014MA5Y, SPPOP1564MAZS, SPPOP0509MA5Y, SPPOP0509FE, SPPOP2024MA5Y, SPPOP65UPMAZS, SPPOP6569FE5Y, SPPOP7579MA5Y, SPPOPAG02MAIN, SPPOP5054MA5Y, NYGDPTOTLRTZS, TGVALTOTLGDZS, NEGDITOTLCN, NYGNPPCAPPPCD, NYGNPMKTPCNAD, NYADJDCO2GNZS, SLEMP1524SPMAZS, SLUEM1524MAZS, TMVALMRCHALZS, TXVALMRCHALZS, AGPRDLVSKXD, PANUSPRVTPP, SHSTAOB18FEZS, SHSTAOWADZS, EGELCACCSURZS, EGELCACCSZS, SEPRMENRRFE"
"Iran, Islamic Rep.","IRN",2.4467,"SPURBGROW, SPPOPDPND, SPPOPDPNDOL, SPADOTFRT, SGHMETRVLEQ, SGLAWOBHBMRNO, SGOWNPRRTIM, SPDYNCDRTIN, SPDYNIMRTFEIN, SPPOP1014MA5Y, SPPOP1564MAZS, SPPOP0509MA5Y, SPPOP0509FE, SPPOP2024MA5Y, SPPOP65UPMAZS, SPPOP6569FE5Y, SPPOP7579MA5Y, SPPOPAG02MAIN, SPPOP5054MA5Y, NYGDPTOTLRTZS, TGVALTOTLGDZS, NEGDITOTLCN, NYGNPPCAPPPCD, NYGNPMKTPCNAD, NYADJDCO2GNZS, SLEMP1524SPMAZS, SLUEM1524MAZS, TMVALMRCHALZS, TXVALMRCHALZS, AGPRDLVSKXD, PANUSPRVTPP, SHSTAOB18FEZS, SHSTAOWADZS, EGELCACCSURZS, EGELCACCSZS, SEPRMENRRFE"
"Ireland","IRL",1.9434,"SPURBGROW, SPPOPDPND, SPPOPDPNDOL, SPADOTFRT, SGHMETRVLEQ, SGLAWOBHBMRNO, SGOWNPRRTIM, SPDYNCDRTIN, SPDYNIMRTFEIN, SPPOP1014MA5Y, SPPOP1564MAZS, SPPOP0509MA5Y, SPPOP0509FE, SPPOP2024MA5Y, SPPOP65UPMAZS, SPPOP6569FE5Y, SPPOP7579MA5Y, SPPOPAG02MAIN, SPPOP5054MA5Y, NYGDPTOTLRTZS, TGVALTOTLGDZS, NEGDITOTLCN, NYGNPPCAPPPCD, NYGNPMKTPCNAD, NYADJDCO2GNZS, SLEMP1524SPMAZS, SLUEM1524MAZS, TMVALMRCHALZS, TXVALMRCHALZS, AGPRDLVSKXD, PANUSPRVTPP, SHSTAOB18FEZS, SHSTAOWADZS, EGELCACCSURZS, EGELCACCSZS, SEPRMENRRFE"
"Israel","ISR",1.5488,"SPURBGROW, SPPOPDPND, SPPOPDPNDOL, SPADOTFRT, SGHMETRVLEQ, SGLAWOBHBMRNO, SGOWNPRRTIM, SPDYNCDRTIN, SPDYNIMRTFEIN, SPPOP1014MA5Y, SPPOP1564MAZS, SPPOP0509MA5Y, SPPOP0509FE, SPPOP2024MA5Y, SPPOP65UPMAZS, SPPOP6569FE5Y, SPPOP7579MA5Y, SPPOPAG02MAIN, SPPOP5054MA5Y, NYGDPTOTLRTZS, TGVALTOTLGDZS, NEGDITOTLCN, NYGNPPCAPPPCD, NYGNPMKTPCNAD, NYADJDCO2GNZS, SLEMP1524SPMAZS, SLUEM1524MAZS, TMVALMRCHALZS, TXVALMRCHALZS, AGPRDLVSKXD, PANUSPRVTPP, SHSTAOB18FEZS, SHSTAOWADZS, EGELCACCSURZS, EGELCACCSZS, SEPRMENRRFE"
"Italy","ITA",1.5469,"SPURBGROW, SPPOPDPND, SPPOPDPNDOL, SPADOTFRT, SGHMETRVLEQ, SGLAWOBHBMRNO, SGOWNPRRTIM, SPDYNCDRTIN, SPDYNIMRTFEIN, SPPOP1014MA5Y, SPPOP1564MAZS, SPPOP0509MA5Y, SPPOP0509FE, SPPOP2024MA5Y, SPPOP65UPMAZS, SPPOP6569FE5Y, SPPOP7579MA5Y, SPPOPAG02MAIN, SPPOP5054MA5Y, NYGDPTOTLRTZS, TGVALTOTLGDZS, NEGDITOTLCN, NYGNPPCAPPPCD, NYGNPMKTPCNAD, NYADJDCO2GNZS, SLEMP1524SPMAZS, SLUEM1524MAZS, TMVALMRCHALZS, TXVALMRCHALZS, AGPRDLVSKXD, PANUSPRVTPP, SHSTAOB18FEZS, SHSTAOWADZS, EGELCACCSURZS, EGELCACCSZS, SEPRMENRRFE"
"Jamaica","JAM",0.6048,"SPURBGROW, SPPOPDPND, SPPOPDPNDOL, SPADOTFRT, SGHMETRVLEQ, SGLAWOBHBMRNO, SGOWNPRRTIM, SPDYNCDRTIN, SPDYNIMRTFEIN, SPPOP1014MA5Y, SPPOP1564MAZS, SPPOP0509MA5Y, SPPOP0509FE, SPPOP2024MA5Y, SPPOP65UPMAZS, SPPOP6569FE5Y, SPPOP7579MA5Y, SPPOPAG02MAIN, SPPOP5054MA5Y, NYGDPTOTLRTZS, TGVALTOTLGDZS, NEGDITOTLCN, NYGNPPCAPPPCD, NYGNPMKTPCNAD, NYADJDCO2GNZS, SLEMP1524SPMAZS, SLUEM1524MAZS, TMVALMRCHALZS, TXVALMRCHALZS, AGPRDLVSKXD, PANUSPRVTPP, SHSTAOB18FEZS, SHSTAOWADZS, EGELCACCSURZS, EGELCACCSZS, SEPRMENRRFE"
"Jordan","JOR",2.8989,"SPURBGROW, SPPOPDPND, SPPOPDPNDOL, SPADOTFRT, SGHMETRVLEQ, SGLAWOBHBMRNO, SGOWNPRRTIM, SPDYNCDRTIN, SPDYNIMRTFEIN, SPPOP1014MA5Y, SPPOP1564MAZS, SPPOP0509MA5Y, SPPOP0509FE, SPPOP2024MA5Y, SPPOP65UPMAZS, SPPOP6569FE5Y, SPPOP7579MA5Y, SPPOPAG02MAIN, SPPOP5054MA5Y, NYGDPTOTLRTZS, TGVALTOTLGDZS, NEGDITOTLCN, NYGNPPCAPPPCD, NYGNPMKTPCNAD, NYADJDCO2GNZS, SLEMP1524SPMAZS, SLUEM1524MAZS, TMVALMRCHALZS, TXVALMRCHALZS, AGPRDLVSKXD, PANUSPRVTPP, SHSTAOB18FEZS, SHSTAOWADZS, EGELCACCSURZS, EGELCACCSZS, SEPRMENRRFE"
"Kazakhstan","KAZ",1.0555,"SPURBGROW, SPPOPDPND, SPPOPDPNDOL, SPADOTFRT, SGHMETRVLEQ, SGLAWOBHBMRNO, SGOWNPRRTIM, SPDYNCDRTIN, SPDYNIMRTFEIN, SPPOP1014MA5Y, SPPOP1564MAZS, SPPOP0509MA5Y, SPPOP0509FE, SPPOP2024MA5Y, SPPOP65UPMAZS, SPPOP6569FE5Y, SPPOP7579MA5Y, SPPOPAG02MAIN, SPPOP5054MA5Y, NYGDPTOTLRTZS, TGVALTOTLGDZS, NEGDITOTLCN, NYGNPPCAPPPCD, NYGNPMKTPCNAD, NYADJDCO2GNZS, SLEMP1524SPMAZS, SLUEM1524MAZS, TMVALMRCHALZS, TXVALMRCHALZS, AGPRDLVSKXD, PANUSPRVTPP, SHSTAOB18FEZS, SHSTAOWADZS, EGELCACCSURZS, EGELCACCSZS, SEPRMENRRFE"
"Kenya","KEN",2.9649,"SPURBGROW, SPPOPDPND, SPPOPDPNDOL, SPADOTFRT, SGHMETRVLEQ, SGLAWOBHBMRNO, SGOWNPRRTIM, SPDYNCDRTIN, SPDYNIMRTFEIN, SPPOP1014MA5Y, SPPOP1564MAZS, SPPOP0509MA5Y, SPPOP0509FE, SPPOP2024MA5Y, SPPOP65UPMAZS, SPPOP6569FE5Y, SPPOP7579MA5Y, SPPOPAG02MAIN, SPPOP5054MA5Y, NYGDPTOTLRTZS, TGVALTOTLGDZS, NEGDITOTLCN, NYGNPPCAPPPCD, NYGNPMKTPCNAD, NYADJDCO2GNZS, SLEMP1524SPMAZS, SLUEM1524MAZS, TMVALMRCHALZS, TXVALMRCHALZS, AGPRDLVSKXD, PANUSPRVTPP, SHSTAOB18FEZS, SHSTAOWADZS, EGELCACCSURZS, EGELCACCSZS, SEPRMENRRFE"
"Korea, Rep.","KOR",1.0201,"SPURBGROW, SPPOPDPND, SPPOPDPNDOL, SPADOTFRT, SGHMETRVLEQ, SGLAWOBHBMRNO, SGOWNPRRTIM, SPDYNCDRTIN, SPDYNIMRTFEIN, SPPOP1014MA5Y, SPPOP1564MAZS, SPPOP0509MA5Y, SPPOP0509FE, SPPOP2024MA5Y, SPPOP65UPMAZS, SPPOP6569FE5Y, SPPOP7579MA5Y, SPPOPAG02MAIN, SPPOP5054MA5Y, NYGDPTOTLRTZS, TGVALTOTLGDZS, NEGDITOTLCN, NYGNPPCAPPPCD, NYGNPMKTPCNAD, NYADJDCO2GNZS, SLEMP1524SPMAZS, SLUEM1524MAZS, TMVALMRCHALZS, TXVALMRCHALZS, AGPRDLVSKXD, PANUSPRVTPP, SHSTAOB18FEZS, SHSTAOWADZS, EGELCACCSURZS, EGELCACCSZS, SEPRMENRRFE"
"Kyrgyz Republic","KGZ",2.7014,"SPURBGROW, SPPOPDPND, SPPOPDPNDOL, SPADOTFRT, SGHMETRVLEQ, SGLAWOBHBMRNO, SGOWNPRRTIM, SPDYNCDRTIN, SPDYNIMRTFEIN, SPPOP1014MA5Y, SPPOP1564MAZS, SPPOP0509MA5Y, SPPOP0509FE, SPPOP2024MA5Y, SPPOP65UPMAZS, SPPOP6569FE5Y, SPPOP7579MA5Y, SPPOPAG02MAIN, SPPOP5054MA5Y, NYGDPTOTLRTZS, TGVALTOTLGDZS, NEGDITOTLCN, NYGNPPCAPPPCD, NYGNPMKTPCNAD, NYADJDCO2GNZS, SLEMP1524SPMAZS, SLUEM1524MAZS, TMVALMRCHALZS, TXVALMRCHALZS, AGPRDLVSKXD, PANUSPRVTPP, SHSTAOB18FEZS, SHSTAOWADZS, EGELCACCSURZS, EGELCACCSZS, SEPRMENRRFE"
"Latvia","LVA",1.491,"SPURBGROW, SPPOPDPND, SPPOPDPNDOL, SPADOTFRT, SGHMETRVLEQ, SGLAWOBHBMRNO, SGOWNPRRTIM, SPDYNCDRTIN, SPDYNIMRTFEIN, SPPOP1014MA5Y, SPPOP1564MAZS, SPPOP0509MA5Y, SPPOP0509FE, SPPOP2024MA5Y, SPPOP65UPMAZS, SPPOP6569FE5Y, SPPOP7579MA5Y, SPPOPAG02MAIN, SPPOP5054MA5Y, NYGDPTOTLRTZS, TGVALTOTLGDZS, NEGDITOTLCN, NYGNPPCAPPPCD, NYGNPMKTPCNAD, NYADJDCO2GNZS, SLEMP1524SPMAZS, SLUEM1524MAZS, TMVALMRCHALZS, TXVALMRCHALZS, AGPRDLVSKXD, PANUSPRVTPP, SHSTAOB18FEZS, SHSTAOWADZS, EGELCACCSURZS, EGELCACCSZS, SEPRMENRRFE"
"Lesotho","LSO",2.8944,"SPURBGROW, SPPOPDPND, SPPOPDPNDOL, SPADOTFRT, SGHMETRVLEQ, SGLAWOBHBMRNO, SGOWNPRRTIM, SPDYNCDRTIN, SPDYNIMRTFEIN, SPPOP1014MA5Y, SPPOP1564MAZS, SPPOP0509MA5Y, SPPOP0509FE, SPPOP2024MA5Y, SPPOP65UPMAZS, SPPOP6569FE5Y, SPPOP7579MA5Y, SPPOPAG02MAIN, SPPOP5054MA5Y, NYGDPTOTLRTZS, TGVALTOTLGDZS, NEGDITOTLCN, NYGNPPCAPPPCD, NYGNPMKTPCNAD, NYADJDCO2GNZS, SLEMP1524SPMAZS, SLUEM1524MAZS, TMVALMRCHALZS, TXVALMRCHALZS, AGPRDLVSKXD, PANUSPRVTPP, SHSTAOB18FEZS, SHSTAOWADZS, EGELCACCSURZS, EGELCACCSZS, SEPRMENRRFE"
"Madagascar","MDG",3.9038,"SPURBGROW, SPPOPDPND, SPPOPDPNDOL, SPADOTFRT, SGHMETRVLEQ, SGLAWOBHBMRNO, SGOWNPRRTIM, SPDYNCDRTIN, SPDYNIMRTFEIN, SPPOP1014MA5Y, SPPOP1564MAZS, SPPOP0509MA5Y, SPPOP0509FE, SPPOP2024MA5Y, SPPOP65UPMAZS, SPPOP6569FE5Y, SPPOP7579MA5Y, SPPOPAG02MAIN, SPPOP5054MA5Y, NYGDPTOTLRTZS, TGVALTOTLGDZS, NEGDITOTLCN, NYGNPPCAPPPCD, NYGNPMKTPCNAD, NYADJDCO2GNZS, SLEMP1524SPMAZS, SLUEM1524MAZS, TMVALMRCHALZS, TXVALMRCHALZS, AGPRDLVSKXD, PANUSPRVTPP, SHSTAOB18FEZS, SHSTAOWADZS, EGELCACCSURZS, EGELCACCSZS, SEPRMENRRFE"
"Malaysia","MYS",1.9547,"SPURBGROW, SPPOPDPND, SPPOPDPNDOL, SPADOTFRT, SGHMETRVLEQ, SGLAWOBHBMRNO, SGOWNPRRTIM, SPDYNCDRTIN, SPDYNIMRTFEIN, SPPOP1014MA5Y, SPPOP1564MAZS, SPPOP0509MA5Y, SPPOP0509FE, SPPOP2024MA5Y, SPPOP65UPMAZS, SPPOP6569FE5Y, SPPOP7579MA5Y, SPPOPAG02MAIN, SPPOP5054MA5Y, NYGDPTOTLRTZS, TGVALTOTLGDZS, NEGDITOTLCN, NYGNPPCAPPPCD, NYGNPMKTPCNAD, NYADJDCO2GNZS, SLEMP1524SPMAZS, SLUEM1524MAZS, TMVALMRCHALZS, TXVALMRCHALZS, AGPRDLVSKXD, PANUSPRVTPP, SHSTAOB18FEZS, SHSTAOWADZS, EGELCACCSURZS, EGELCACCSZS, SEPRMENRRFE"
"Mali","MLI",2.9972,"SPURBGROW, SPPOPDPND, SPPOPDPNDOL, SPADOTFRT, SGHMETRVLEQ, SGLAWOBHBMRNO, SGOWNPRRTIM, SPDYNCDRTIN, SPDYNIMRTFEIN, SPPOP1014MA5Y, SPPOP1564MAZS, SPPOP0509MA5Y, SPPOP0509FE, SPPOP2024MA5Y, SPPOP65UPMAZS, SPPOP6569FE5Y, SPPOP7579MA5Y, SPPOPAG02MAIN, SPPOP5054MA5Y, NYGDPTOTLRTZS, TGVALTOTLGDZS, NEGDITOTLCN, NYGNPPCAPPPCD, NYGNPMKTPCNAD, NYADJDCO2GNZS, SLEMP1524SPMAZS, SLUEM1524MAZS, TMVALMRCHALZS, TXVALMRCHALZS, AGPRDLVSKXD, PANUSPRVTPP, SHSTAOB18FEZS, SHSTAOWADZS, EGELCACCSURZS, EGELCACCSZS, SEPRMENRRFE"
"Mauritius","MUS",2.4732,"SPURBGROW, SPPOPDPND, SPPOPDPNDOL, SPADOTFRT, SGHMETRVLEQ, SGLAWOBHBMRNO, SGOWNPRRTIM, SPDYNCDRTIN, SPDYNIMRTFEIN, SPPOP1014MA5Y, SPPOP1564MAZS, SPPOP0509MA5Y, SPPOP0509FE, SPPOP2024MA5Y, SPPOP65UPMAZS, SPPOP6569FE5Y, SPPOP7579MA5Y, SPPOPAG02MAIN, SPPOP5054MA5Y, NYGDPTOTLRTZS, TGVALTOTLGDZS, NEGDITOTLCN, NYGNPPCAPPPCD, NYGNPMKTPCNAD, NYADJDCO2GNZS, SLEMP1524SPMAZS, SLUEM1524MAZS, TMVALMRCHALZS, TXVALMRCHALZS, AGPRDLVSKXD, PANUSPRVTPP, SHSTAOB18FEZS, SHSTAOWADZS, EGELCACCSURZS, EGELCACCSZS, SEPRMENRRFE"
"Mexico","MEX",1.8843,"SPURBGROW, SPPOPDPND, SPPOPDPNDOL, SPADOTFRT, SGHMETRVLEQ, SGLAWOBHBMRNO, SGOWNPRRTIM, SPDYNCDRTIN, SPDYNIMRTFEIN, SPPOP1014MA5Y, SPPOP1564MAZS, SPPOP0509MA5Y, SPPOP0509FE, SPPOP2024MA5Y, SPPOP65UPMAZS, SPPOP6569FE5Y, SPPOP7579MA5Y, SPPOPAG02MAIN, SPPOP5054MA5Y, NYGDPTOTLRTZS, TGVALTOTLGDZS, NEGDITOTLCN, NYGNPPCAPPPCD, NYGNPMKTPCNAD, NYADJDCO2GNZS, SLEMP1524SPMAZS, SLUEM1524MAZS, TMVALMRCHALZS, TXVALMRCHALZS, AGPRDLVSKXD, PANUSPRVTPP, SHSTAOB18FEZS, SHSTAOWADZS, EGELCACCSURZS, EGELCACCSZS, SEPRMENRRFE"
"Moldova","MDA",1.0319,"SPURBGROW, SPPOPDPND, SPPOPDPNDOL, SPADOTFRT, SGHMETRVLEQ, SGLAWOBHBMRNO, SGOWNPRRTIM, SPDYNCDRTIN, SPDYNIMRTFEIN, SPPOP1014MA5Y, SPPOP1564MAZS, SPPOP0509MA5Y, SPPOP0509FE, SPPOP2024MA5Y, SPPOP65UPMAZS, SPPOP6569FE5Y, SPPOP7579MA5Y, SPPOPAG02MAIN, SPPOP5054MA5Y, NYGDPTOTLRTZS, TGVALTOTLGDZS, NEGDITOTLCN, NYGNPPCAPPPCD, NYGNPMKTPCNAD, NYADJDCO2GNZS, SLEMP1524SPMAZS, SLUEM1524MAZS, TMVALMRCHALZS, TXVALMRCHALZS, AGPRDLVSKXD, PANUSPRVTPP, SHSTAOB18FEZS, SHSTAOWADZS, EGELCACCSURZS, EGELCACCSZS, SEPRMENRRFE"
"Mongolia","MNG",1.9114,"SPURBGROW, SPPOPDPND, SPPOPDPNDOL, SPADOTFRT, SGHMETRVLEQ, SGLAWOBHBMRNO, SGOWNPRRTIM, SPDYNCDRTIN, SPDYNIMRTFEIN, SPPOP1014MA5Y, SPPOP1564MAZS, SPPOP0509MA5Y, SPPOP0509FE, SPPOP2024MA5Y, SPPOP65UPMAZS, SPPOP6569FE5Y, SPPOP7579MA5Y, SPPOPAG02MAIN, SPPOP5054MA5Y, NYGDPTOTLRTZS, TGVALTOTLGDZS, NEGDITOTLCN, NYGNPPCAPPPCD, NYGNPMKTPCNAD, NYADJDCO2GNZS, SLEMP1524SPMAZS, SLUEM1524MAZS, TMVALMRCHALZS, TXVALMRCHALZS, AGPRDLVSKXD, PANUSPRVTPP, SHSTAOB18FEZS, SHSTAOWADZS, EGELCACCSURZS, EGELCACCSZS, SEPRMENRRFE"
"Morocco","MAR",0.6457,"SPURBGROW, SPPOPDPND, SPPOPDPNDOL, SPADOTFRT, SGHMETRVLEQ, SGLAWOBHBMRNO, SGOWNPRRTIM, SPDYNCDRTIN, SPDYNIMRTFEIN, SPPOP1014MA5Y, SPPOP1564MAZS, SPPOP0509MA5Y, SPPOP0509FE, SPPOP2024MA5Y, SPPOP65UPMAZS, SPPOP6569FE5Y, SPPOP7579MA5Y, SPPOPAG02MAIN, SPPOP5054MA5Y, NYGDPTOTLRTZS, TGVALTOTLGDZS, NEGDITOTLCN, NYGNPPCAPPPCD, NYGNPMKTPCNAD, NYADJDCO2GNZS, SLEMP1524SPMAZS, SLUEM1524MAZS, TMVALMRCHALZS, TXVALMRCHALZS, AGPRDLVSKXD, PANUSPRVTPP, SHSTAOB18FEZS, SHSTAOWADZS, EGELCACCSURZS, EGELCACCSZS, SEPRMENRRFE"
"Mozambique","MOZ",3.4217,"SPURBGROW, SPPOPDPND, SPPOPDPNDOL, SPADOTFRT, SGHMETRVLEQ, SGLAWOBHBMRNO, SGOWNPRRTIM, SPDYNCDRTIN, SPDYNIMRTFEIN, SPPOP1014MA5Y, SPPOP1564MAZS, SPPOP0509MA5Y, SPPOP0509FE, SPPOP2024MA5Y, SPPOP65UPMAZS, SPPOP6569FE5Y, SPPOP7579MA5Y, SPPOPAG02MAIN, SPPOP5054MA5Y, NYGDPTOTLRTZS, TGVALTOTLGDZS, NEGDITOTLCN, NYGNPPCAPPPCD, NYGNPMKTPCNAD, NYADJDCO2GNZS, SLEMP1524SPMAZS, SLUEM1524MAZS, TMVALMRCHALZS, TXVALMRCHALZS, AGPRDLVSKXD, PANUSPRVTPP, SHSTAOB18FEZS, SHSTAOWADZS, EGELCACCSURZS, EGELCACCSZS, SEPRMENRRFE"
"Namibia","NAM",2.8453,"SPURBGROW, SPPOPDPND, SPPOPDPNDOL, SPADOTFRT, SGHMETRVLEQ, SGLAWOBHBMRNO, SGOWNPRRTIM, SPDYNCDRTIN, SPDYNIMRTFEIN, SPPOP1014MA5Y, SPPOP1564MAZS, SPPOP0509MA5Y, SPPOP0509FE, SPPOP2024MA5Y, SPPOP65UPMAZS, SPPOP6569FE5Y, SPPOP7579MA5Y, SPPOPAG02MAIN, SPPOP5054MA5Y, NYGDPTOTLRTZS, TGVALTOTLGDZS, NEGDITOTLCN, NYGNPPCAPPPCD, NYGNPMKTPCNAD, NYADJDCO2GNZS, SLEMP1524SPMAZS, SLUEM1524MAZS, TMVALMRCHALZS, TXVALMRCHALZS, AGPRDLVSKXD, PANUSPRVTPP, SHSTAOB18FEZS, SHSTAOWADZS, EGELCACCSURZS, EGELCACCSZS, SEPRMENRRFE"
"Nepal","NPL",2.4716,"SPURBGROW, SPPOPDPND, SPPOPDPNDOL, SPADOTFRT, SGHMETRVLEQ, SGLAWOBHBMRNO, SGOWNPRRTIM, SPDYNCDRTIN, SPDYNIMRTFEIN, SPPOP1014MA5Y, SPPOP1564MAZS, SPPOP0509MA5Y, SPPOP0509FE, SPPOP2024MA5Y, SPPOP65UPMAZS, SPPOP6569FE5Y, SPPOP7579MA5Y, SPPOPAG02MAIN, SPPOP5054MA5Y, NYGDPTOTLRTZS, TGVALTOTLGDZS, NEGDITOTLCN, NYGNPPCAPPPCD, NYGNPMKTPCNAD, NYADJDCO2GNZS, SLEMP1524SPMAZS, SLUEM1524MAZS, TMVALMRCHALZS, TXVALMRCHALZS, AGPRDLVSKXD, PANUSPRVTPP, SHSTAOB18FEZS, SHSTAOWADZS, EGELCACCSURZS, EGELCACCSZS, SEPRMENRRFE"
"Netherlands","NLD",1.596,"SPURBGROW, SPPOPDPND, SPPOPDPNDOL, SPADOTFRT, SGHMETRVLEQ, SGLAWOBHBMRNO, SGOWNPRRTIM, SPDYNCDRTIN, SPDYNIMRTFEIN, SPPOP1014MA5Y, SPPOP1564MAZS, SPPOP0509MA5Y, SPPOP0509FE, SPPOP2024MA5Y, SPPOP65UPMAZS, SPPOP6569FE5Y, SPPOP7579MA5Y, SPPOPAG02MAIN, SPPOP5054MA5Y, NYGDPTOTLRTZS, TGVALTOTLGDZS, NEGDITOTLCN, NYGNPPCAPPPCD, NYGNPMKTPCNAD, NYADJDCO2GNZS, SLEMP1524SPMAZS, SLUEM1524MAZS, TMVALMRCHALZS, TXVALMRCHALZS, AGPRDLVSKXD, PANUSPRVTPP, SHSTAOB18FEZS, SHSTAOWADZS, EGELCACCSURZS, EGELCACCSZS, SEPRMENRRFE"
"Nicaragua","NIC",0.4849,"SPURBGROW, SPPOPDPND, SPPOPDPNDOL, SPADOTFRT, SGHMETRVLEQ, SGLAWOBHBMRNO, SGOWNPRRTIM, SPDYNCDRTIN, SPDYNIMRTFEIN, SPPOP1014MA5Y, SPPOP1564MAZS, SPPOP0509MA5Y, SPPOP0509FE, SPPOP2024MA5Y, SPPOP65UPMAZS, SPPOP6569FE5Y, SPPOP7579MA5Y, SPPOPAG02MAIN, SPPOP5054MA5Y, NYGDPTOTLRTZS, TGVALTOTLGDZS, NEGDITOTLCN, NYGNPPCAPPPCD, NYGNPMKTPCNAD, NYADJDCO2GNZS, SLEMP1524SPMAZS, SLUEM1524MAZS, TMVALMRCHALZS, TXVALMRCHALZS, AGPRDLVSKXD, PANUSPRVTPP, SHSTAOB18FEZS, SHSTAOWADZS, EGELCACCSURZS, EGELCACCSZS, SEPRMENRRFE"
"Niger","NER",2.8304,"SPURBGROW, SPPOPDPND, SPPOPDPNDOL, SPADOTFRT, SGHMETRVLEQ, SGLAWOBHBMRNO, SGOWNPRRTIM, SPDYNCDRTIN, SPDYNIMRTFEIN, SPPOP1014MA5Y, SPPOP1564MAZS, SPPOP0509MA5Y, SPPOP0509FE, SPPOP2024MA5Y, SPPOP65UPMAZS, SPPOP6569FE5Y, SPPOP7579MA5Y, SPPOPAG02MAIN, SPPOP5054MA5Y, NYGDPTOTLRTZS, TGVALTOTLGDZS, NEGDITOTLCN, NYGNPPCAPPPCD, NYGNPMKTPCNAD, NYADJDCO2GNZS, SLEMP1524SPMAZS, SLUEM1524MAZS, TMVALMRCHALZS, TXVALMRCHALZS, AGPRDLVSKXD, PANUSPRVTPP, SHSTAOB18FEZS, SHSTAOWADZS, EGELCACCSURZS, EGELCACCSZS, SEPRMENRRFE"
"Nigeria","NGA",3.1225,"SPURBGROW, SPPOPDPND, SPPOPDPNDOL, SPADOTFRT, SGHMETRVLEQ, SGLAWOBHBMRNO, SGOWNPRRTIM, SPDYNCDRTIN, SPDYNIMRTFEIN, SPPOP1014MA5Y, SPPOP1564MAZS, SPPOP0509MA5Y, SPPOP0509FE, SPPOP2024MA5Y, SPPOP65UPMAZS, SPPOP6569FE5Y, SPPOP7579MA5Y, SPPOPAG02MAIN, SPPOP5054MA5Y, NYGDPTOTLRTZS, TGVALTOTLGDZS, NEGDITOTLCN, NYGNPPCAPPPCD, NYGNPMKTPCNAD, NYADJDCO2GNZS, SLEMP1524SPMAZS, SLUEM1524MAZS, TMVALMRCHALZS, TXVALMRCHALZS, AGPRDLVSKXD, PANUSPRVTPP, SHSTAOB18FEZS, SHSTAOWADZS, EGELCACCSURZS, EGELCACCSZS, SEPRMENRRFE"
"North Macedonia","MKD",1.456,"SPURBGROW, SPPOPDPND, SPPOPDPNDOL, SPADOTFRT, SGHMETRVLEQ, SGLAWOBHBMRNO, SGOWNPRRTIM, SPDYNCDRTIN, SPDYNIMRTFEIN, SPPOP1014MA5Y, SPPOP1564MAZS, SPPOP0509MA5Y, SPPOP0509FE, SPPOP2024MA5Y, SPPOP65UPMAZS, SPPOP6569FE5Y, SPPOP7579MA5Y, SPPOPAG02MAIN, SPPOP5054MA5Y, NYGDPTOTLRTZS, TGVALTOTLGDZS, NEGDITOTLCN, NYGNPPCAPPPCD, NYGNPMKTPCNAD, NYADJDCO2GNZS, SLEMP1524SPMAZS, SLUEM1524MAZS, TMVALMRCHALZS, TXVALMRCHALZS, AGPRDLVSKXD, PANUSPRVTPP, SHSTAOB18FEZS, SHSTAOWADZS, EGELCACCSURZS, EGELCACCSZS, SEPRMENRRFE"
"Norway","NOR",2.0367,"SPURBGROW, SPPOPDPND, SPPOPDPNDOL, SPADOTFRT, SGHMETRVLEQ, SGLAWOBHBMRNO, SGOWNPRRTIM, SPDYNCDRTIN, SPDYNIMRTFEIN, SPPOP1014MA5Y, SPPOP1564MAZS, SPPOP0509MA5Y, SPPOP0509FE, SPPOP2024MA5Y, SPPOP65UPMAZS, SPPOP6569FE5Y, SPPOP7579MA5Y, SPPOPAG02MAIN, SPPOP5054MA5Y, NYGDPTOTLRTZS, TGVALTOTLGDZS, NEGDITOTLCN, NYGNPPCAPPPCD, NYGNPMKTPCNAD, NYADJDCO2GNZS, SLEMP1524SPMAZS, SLUEM1524MAZS, TMVALMRCHALZS, TXVALMRCHALZS, AGPRDLVSKXD, PANUSPRVTPP, SHSTAOB18FEZS, SHSTAOWADZS, EGELCACCSURZS, EGELCACCSZS, SEPRMENRRFE"
"Pakistan","PAK",2.9035,"SPURBGROW, SPPOPDPND, SPPOPDPNDOL, SPADOTFRT, SGHMETRVLEQ, SGLAWOBHBMRNO, SGOWNPRRTIM, SPDYNCDRTIN, SPDYNIMRTFEIN, SPPOP1014MA5Y, SPPOP1564MAZS, SPPOP0509MA5Y, SPPOP0509FE, SPPOP2024MA5Y, SPPOP65UPMAZS, SPPOP6569FE5Y, SPPOP7579MA5Y, SPPOPAG02MAIN, SPPOP5054MA5Y, NYGDPTOTLRTZS, TGVALTOTLGDZS, NEGDITOTLCN, NYGNPPCAPPPCD, NYGNPMKTPCNAD, NYADJDCO2GNZS, SLEMP1524SPMAZS, SLUEM1524MAZS, TMVALMRCHALZS, TXVALMRCHALZS, AGPRDLVSKXD, PANUSPRVTPP, SHSTAOB18FEZS, SHSTAOWADZS, EGELCACCSURZS, EGELCACCSZS, SEPRMENRRFE"
"Panama","PAN",1.0083,"SPURBGROW, SPPOPDPND, SPPOPDPNDOL, SPADOTFRT, SGHMETRVLEQ, SGLAWOBHBMRNO, SGOWNPRRTIM, SPDYNCDRTIN, SPDYNIMRTFEIN, SPPOP1014MA5Y, SPPOP1564MAZS, SPPOP0509MA5Y, SPPOP0509FE, SPPOP2024MA5Y, SPPOP65UPMAZS, SPPOP6569FE5Y, SPPOP7579MA5Y, SPPOPAG02MAIN, SPPOP5054MA5Y, NYGDPTOTLRTZS, TGVALTOTLGDZS, NEGDITOTLCN, NYGNPPCAPPPCD, NYGNPMKTPCNAD, NYADJDCO2GNZS, SLEMP1524SPMAZS, SLUEM1524MAZS, TMVALMRCHALZS, TXVALMRCHALZS, AGPRDLVSKXD, PANUSPRVTPP, SHSTAOB18FEZS, SHSTAOWADZS, EGELCACCSURZS, EGELCACCSZS, SEPRMENRRFE"
"Paraguay","PRY",0.3568,"SPURBGROW, SPPOPDPND, SPPOPDPNDOL, SPADOTFRT, SGHMETRVLEQ, SGLAWOBHBMRNO, SGOWNPRRTIM, SPDYNCDRTIN, SPDYNIMRTFEIN, SPPOP1014MA5Y, SPPOP1564MAZS, SPPOP0509MA5Y, SPPOP0509FE, SPPOP2024MA5Y, SPPOP65UPMAZS, SPPOP6569FE5Y, SPPOP7579MA5Y, SPPOPAG02MAIN, SPPOP5054MA5Y, NYGDPTOTLRTZS, TGVALTOTLGDZS, NEGDITOTLCN, NYGNPPCAPPPCD, NYGNPMKTPCNAD, NYADJDCO2GNZS, SLEMP1524SPMAZS, SLUEM1524MAZS, TMVALMRCHALZS, TXVALMRCHALZS, AGPRDLVSKXD, PANUSPRVTPP, SHSTAOB18FEZS, SHSTAOWADZS, EGELCACCSURZS, EGELCACCSZS, SEPRMENRRFE"
"Peru","PER",0.9245,"SPURBGROW, SPPOPDPND, SPPOPDPNDOL, SPADOTFRT, SGHMETRVLEQ, SGLAWOBHBMRNO, SGOWNPRRTIM, SPDYNCDRTIN, SPDYNIMRTFEIN, SPPOP1014MA5Y, SPPOP1564MAZS, SPPOP0509MA5Y, SPPOP0509FE, SPPOP2024MA5Y, SPPOP65UPMAZS, SPPOP6569FE5Y, SPPOP7579MA5Y, SPPOPAG02MAIN, SPPOP5054MA5Y, NYGDPTOTLRTZS, TGVALTOTLGDZS, NEGDITOTLCN, NYGNPPCAPPPCD, NYGNPMKTPCNAD, NYADJDCO2GNZS, SLEMP1524SPMAZS, SLUEM1524MAZS, TMVALMRCHALZS, TXVALMRCHALZS, AGPRDLVSKXD, PANUSPRVTPP, SHSTAOB18FEZS, SHSTAOWADZS, EGELCACCSURZS, EGELCACCSZS, SEPRMENRRFE"
"Philippines","PHL",1.6546,"SPURBGROW, SPPOPDPND, SPPOPDPNDOL, SPADOTFRT, SGHMETRVLEQ, SGLAWOBHBMRNO, SGOWNPRRTIM, SPDYNCDRTIN, SPDYNIMRTFEIN, SPPOP1014MA5Y, SPPOP1564MAZS, SPPOP0509MA5Y, SPPOP0509FE, SPPOP2024MA5Y, SPPOP65UPMAZS, SPPOP6569FE5Y, SPPOP7579MA5Y, SPPOPAG02MAIN, SPPOP5054MA5Y, NYGDPTOTLRTZS, TGVALTOTLGDZS, NEGDITOTLCN, NYGNPPCAPPPCD, NYGNPMKTPCNAD, NYADJDCO2GNZS, SLEMP1524SPMAZS, SLUEM1524MAZS, TMVALMRCHALZS, TXVALMRCHALZS, AGPRDLVSKXD, PANUSPRVTPP, SHSTAOB18FEZS, SHSTAOWADZS, EGELCACCSURZS, EGELCACCSZS, SEPRMENRRFE"
"Poland","POL",0.8769,"SPURBGROW, SPPOPDPND, SPPOPDPNDOL, SPADOTFRT, SGHMETRVLEQ, SGLAWOBHBMRNO, SGOWNPRRTIM, SPDYNCDRTIN, SPDYNIMRTFEIN, SPPOP1014MA5Y, SPPOP1564MAZS, SPPOP0509MA5Y, SPPOP0509FE, SPPOP2024MA5Y, SPPOP65UPMAZS, SPPOP6569FE5Y, SPPOP7579MA5Y, SPPOPAG02MAIN, SPPOP5054MA5Y, NYGDPTOTLRTZS, TGVALTOTLGDZS, NEGDITOTLCN, NYGNPPCAPPPCD, NYGNPMKTPCNAD, NYADJDCO2GNZS, SLEMP1524SPMAZS, SLUEM1524MAZS, TMVALMRCHALZS, TXVALMRCHALZS, AGPRDLVSKXD, PANUSPRVTPP, SHSTAOB18FEZS, SHSTAOWADZS, EGELCACCSURZS, EGELCACCSZS, SEPRMENRRFE"
"Portugal","PRT",1.049,"SPURBGROW, SPPOPDPND, SPPOPDPNDOL, SPADOTFRT, SGHMETRVLEQ, SGLAWOBHBMRNO, SGOWNPRRTIM, SPDYNCDRTIN, SPDYNIMRTFEIN, SPPOP1014MA5Y, SPPOP1564MAZS, SPPOP0509MA5Y, SPPOP0509FE, SPPOP2024MA5Y, SPPOP65UPMAZS, SPPOP6569FE5Y, SPPOP7579MA5Y, SPPOPAG02MAIN, SPPOP5054MA5Y, NYGDPTOTLRTZS, TGVALTOTLGDZS, NEGDITOTLCN, NYGNPPCAPPPCD, NYGNPMKTPCNAD, NYADJDCO2GNZS, SLEMP1524SPMAZS, SLUEM1524MAZS, TMVALMRCHALZS, TXVALMRCHALZS, AGPRDLVSKXD, PANUSPRVTPP, SHSTAOB18FEZS, SHSTAOWADZS, EGELCACCSURZS, EGELCACCSZS, SEPRMENRRFE"
"Romania","ROU",1.1571,"SPURBGROW, SPPOPDPND, SPPOPDPNDOL, SPADOTFRT, SGHMETRVLEQ, SGLAWOBHBMRNO, SGOWNPRRTIM, SPDYNCDRTIN, SPDYNIMRTFEIN, SPPOP1014MA5Y, SPPOP1564MAZS, SPPOP0509MA5Y, SPPOP0509FE, SPPOP2024MA5Y, SPPOP65UPMAZS, SPPOP6569FE5Y, SPPOP7579MA5Y, SPPOPAG02MAIN, SPPOP5054MA5Y, NYGDPTOTLRTZS, TGVALTOTLGDZS, NEGDITOTLCN, NYGNPPCAPPPCD, NYGNPMKTPCNAD, NYADJDCO2GNZS, SLEMP1524SPMAZS, SLUEM1524MAZS, TMVALMRCHALZS, TXVALMRCHALZS, AGPRDLVSKXD, PANUSPRVTPP, SHSTAOB18FEZS, SHSTAOWADZS, EGELCACCSURZS, EGELCACCSZS, SEPRMENRRFE"
"Russian Federation","RUS",1.0536,"SPURBGROW, SPPOPDPND, SPPOPDPNDOL, SPADOTFRT, SGHMETRVLEQ, SGLAWOBHBMRNO, SGOWNPRRTIM, SPDYNCDRTIN, SPDYNIMRTFEIN, SPPOP1014MA5Y, SPPOP1564MAZS, SPPOP0509MA5Y, SPPOP0509FE, SPPOP2024MA5Y, SPPOP65UPMAZS, SPPOP6569FE5Y, SPPOP7579MA5Y, SPPOPAG02MAIN, SPPOP5054MA5Y, NYGDPTOTLRTZS, TGVALTOTLGDZS, NEGDITOTLCN, NYGNPPCAPPPCD, NYGNPMKTPCNAD, NYADJDCO2GNZS, SLEMP1524SPMAZS, SLUEM1524MAZS, TMVALMRCHALZS, TXVALMRCHALZS, AGPRDLVSKXD, PANUSPRVTPP, SHSTAOB18FEZS, SHSTAOWADZS, EGELCACCSURZS, EGELCACCSZS, SEPRMENRRFE"
"Rwanda","RWA",3.2581,"SPURBGROW, SPPOPDPND, SPPOPDPNDOL, SPADOTFRT, SGHMETRVLEQ, SGLAWOBHBMRNO, SGOWNPRRTIM, SPDYNCDRTIN, SPDYNIMRTFEIN, SPPOP1014MA5Y, SPPOP1564MAZS, SPPOP0509MA5Y, SPPOP0509FE, SPPOP2024MA5Y, SPPOP65UPMAZS, SPPOP6569FE5Y, SPPOP7579MA5Y, SPPOPAG02MAIN, SPPOP5054MA5Y, NYGDPTOTLRTZS, TGVALTOTLGDZS, NEGDITOTLCN, NYGNPPCAPPPCD, NYGNPMKTPCNAD, NYADJDCO2GNZS, SLEMP1524SPMAZS, SLUEM1524MAZS, TMVALMRCHALZS, TXVALMRCHALZS, AGPRDLVSKXD, PANUSPRVTPP, SHSTAOB18FEZS, SHSTAOWADZS, EGELCACCSURZS, EGELCACCSZS, SEPRMENRRFE"
"Senegal","SEN",2.7938,"SPURBGROW, SPPOPDPND, SPPOPDPNDOL, SPADOTFRT, SGHMETRVLEQ, SGLAWOBHBMRNO, SGOWNPRRTIM, SPDYNCDRTIN, SPDYNIMRTFEIN, SPPOP1014MA5Y, SPPOP1564MAZS, SPPOP0509MA5Y, SPPOP0509FE, SPPOP2024MA5Y, SPPOP65UPMAZS, SPPOP6569FE5Y, SPPOP7579MA5Y, SPPOPAG02MAIN, SPPOP5054MA5Y, NYGDPTOTLRTZS, TGVALTOTLGDZS, NEGDITOTLCN, NYGNPPCAPPPCD, NYGNPMKTPCNAD, NYADJDCO2GNZS, SLEMP1524SPMAZS, SLUEM1524MAZS, TMVALMRCHALZS, TXVALMRCHALZS, AGPRDLVSKXD, PANUSPRVTPP, SHSTAOB18FEZS, SHSTAOWADZS, EGELCACCSURZS, EGELCACCSZS, SEPRMENRRFE"
"Slovak Republic","SVK",1.1043,"SPURBGROW, SPPOPDPND, SPPOPDPNDOL, SPADOTFRT, SGHMETRVLEQ, SGLAWOBHBMRNO, SGOWNPRRTIM, SPDYNCDRTIN, SPDYNIMRTFEIN, SPPOP1014MA5Y, SPPOP1564MAZS, SPPOP0509MA5Y, SPPOP0509FE, SPPOP2024MA5Y, SPPOP65UPMAZS, SPPOP6569FE5Y, SPPOP7579MA5Y, SPPOPAG02MAIN, SPPOP5054MA5Y, NYGDPTOTLRTZS, TGVALTOTLGDZS, NEGDITOTLCN, NYGNPPCAPPPCD, NYGNPMKTPCNAD, NYADJDCO2GNZS, SLEMP1524SPMAZS, SLUEM1524MAZS, TMVALMRCHALZS, TXVALMRCHALZS, AGPRDLVSKXD, PANUSPRVTPP, SHSTAOB18FEZS, SHSTAOWADZS, EGELCACCSURZS, EGELCACCSZS, SEPRMENRRFE"
"Slovenia","SVN",0.8384,"SPURBGROW, SPPOPDPND, SPPOPDPNDOL, SPADOTFRT, SGHMETRVLEQ, SGLAWOBHBMRNO, SGOWNPRRTIM, SPDYNCDRTIN, SPDYNIMRTFEIN, SPPOP1014MA5Y, SPPOP1564MAZS, SPPOP0509MA5Y, SPPOP0509FE, SPPOP2024MA5Y, SPPOP65UPMAZS, SPPOP6569FE5Y, SPPOP7579MA5Y, SPPOPAG02MAIN, SPPOP5054MA5Y, NYGDPTOTLRTZS, TGVALTOTLGDZS, NEGDITOTLCN, NYGNPPCAPPPCD, NYGNPMKTPCNAD, NYADJDCO2GNZS, SLEMP1524SPMAZS, SLUEM1524MAZS, TMVALMRCHALZS, TXVALMRCHALZS, AGPRDLVSKXD, PANUSPRVTPP, SHSTAOB18FEZS, SHSTAOWADZS, EGELCACCSURZS, EGELCACCSZS, SEPRMENRRFE"
"South Africa","ZAF",2.1906,"SPURBGROW, SPPOPDPND, SPPOPDPNDOL, SPADOTFRT, SGHMETRVLEQ, SGLAWOBHBMRNO, SGOWNPRRTIM, SPDYNCDRTIN, SPDYNIMRTFEIN, SPPOP1014MA5Y, SPPOP1564MAZS, SPPOP0509MA5Y, SPPOP0509FE, SPPOP2024MA5Y, SPPOP65UPMAZS, SPPOP6569FE5Y, SPPOP7579MA5Y, SPPOPAG02MAIN, SPPOP5054MA5Y, NYGDPTOTLRTZS, TGVALTOTLGDZS, NEGDITOTLCN, NYGNPPCAPPPCD, NYGNPMKTPCNAD, NYADJDCO2GNZS, SLEMP1524SPMAZS, SLUEM1524MAZS, TMVALMRCHALZS, TXVALMRCHALZS, AGPRDLVSKXD, PANUSPRVTPP, SHSTAOB18FEZS, SHSTAOWADZS, EGELCACCSURZS, EGELCACCSZS, SEPRMENRRFE"
"Spain","ESP",1.7495,"SPURBGROW, SPPOPDPND, SPPOPDPNDOL, SPADOTFRT, SGHMETRVLEQ, SGLAWOBHBMRNO, SGOWNPRRTIM, SPDYNCDRTIN, SPDYNIMRTFEIN, SPPOP1014MA5Y, SPPOP1564MAZS, SPPOP0509MA5Y, SPPOP0509FE, SPPOP2024MA5Y, SPPOP65UPMAZS, SPPOP6569FE5Y, SPPOP7579MA5Y, SPPOPAG02MAIN, SPPOP5054MA5Y, NYGDPTOTLRTZS, TGVALTOTLGDZS, NEGDITOTLCN, NYGNPPCAPPPCD, NYGNPMKTPCNAD, NYADJDCO2GNZS, SLEMP1524SPMAZS, SLUEM1524MAZS, TMVALMRCHALZS, TXVALMRCHALZS, AGPRDLVSKXD, PANUSPRVTPP, SHSTAOB18FEZS, SHSTAOWADZS, EGELCACCSURZS, EGELCACCSZS, SEPRMENRRFE"
"Sri Lanka","LKA",4.7365,"SPURBGROW, SPPOPDPND, SPPOPDPNDOL, SPADOTFRT, SGHMETRVLEQ, SGLAWOBHBMRNO, SGOWNPRRTIM, SPDYNCDRTIN, SPDYNIMRTFEIN, SPPOP1014MA5Y, SPPOP1564MAZS, SPPOP0509MA5Y, SPPOP0509FE, SPPOP2024MA5Y, SPPOP65UPMAZS, SPPOP6569FE5Y, SPPOP7579MA5Y, SPPOPAG02MAIN, SPPOP5054MA5Y, NYGDPTOTLRTZS, TGVALTOTLGDZS, NEGDITOTLCN, NYGNPPCAPPPCD, NYGNPMKTPCNAD, NYADJDCO2GNZS, SLEMP1524SPMAZS, SLUEM1524MAZS, TMVALMRCHALZS, TXVALMRCHALZS, AGPRDLVSKXD, PANUSPRVTPP, SHSTAOB18FEZS, SHSTAOWADZS, EGELCACCSURZS, EGELCACCSZS, SEPRMENRRFE"
"Sweden","SWE",1.6768,"SPURBGROW, SPPOPDPND, SPPOPDPNDOL, SPADOTFRT, SGHMETRVLEQ, SGLAWOBHBMRNO, SGOWNPRRTIM, SPDYNCDRTIN, SPDYNIMRTFEIN, SPPOP1014MA5Y, SPPOP1564MAZS, SPPOP0509MA5Y, SPPOP0509FE, SPPOP2024MA5Y, SPPOP65UPMAZS, SPPOP6569FE5Y, SPPOP7579MA5Y, SPPOPAG02MAIN, SPPOP5054MA5Y, NYGDPTOTLRTZS, TGVALTOTLGDZS, NEGDITOTLCN, NYGNPPCAPPPCD, NYGNPMKTPCNAD, NYADJDCO2GNZS, SLEMP1524SPMAZS, SLUEM1524MAZS, TMVALMRCHALZS, TXVALMRCHALZS, AGPRDLVSKXD, PANUSPRVTPP, SHSTAOB18FEZS, SHSTAOWADZS, EGELCACCSURZS, EGELCACCSZS, SEPRMENRRFE"
"Switzerland","CHE",1.6306,"SPURBGROW, SPPOPDPND, SPPOPDPNDOL, SPADOTFRT, SGHMETRVLEQ, SGLAWOBHBMRNO, SGOWNPRRTIM, SPDYNCDRTIN, SPDYNIMRTFEIN, SPPOP1014MA5Y, SPPOP1564MAZS, SPPOP0509MA5Y, SPPOP0509FE, SPPOP2024MA5Y, SPPOP65UPMAZS, SPPOP6569FE5Y, SPPOP7579MA5Y, SPPOPAG02MAIN, SPPOP5054MA5Y, NYGDPTOTLRTZS, TGVALTOTLGDZS, NEGDITOTLCN, NYGNPPCAPPPCD, NYGNPMKTPCNAD, NYADJDCO2GNZS, SLEMP1524SPMAZS, SLUEM1524MAZS, TMVALMRCHALZS, TXVALMRCHALZS, AGPRDLVSKXD, PANUSPRVTPP, SHSTAOB18FEZS, SHSTAOWADZS, EGELCACCSURZS, EGELCACCSZS, SEPRMENRRFE"
"Tanzania","TZA",4.076,"SPURBGROW, SPPOPDPND, SPPOPDPNDOL, SPADOTFRT, SGHMETRVLEQ, SGLAWOBHBMRNO, SGOWNPRRTIM, SPDYNCDRTIN, SPDYNIMRTFEIN, SPPOP1014MA5Y, SPPOP1564MAZS, SPPOP0509MA5Y, SPPOP0509FE, SPPOP2024MA5Y, SPPOP65UPMAZS, SPPOP6569FE5Y, SPPOP7579MA5Y, SPPOPAG02MAIN, SPPOP5054MA5Y, NYGDPTOTLRTZS, TGVALTOTLGDZS, NEGDITOTLCN, NYGNPPCAPPPCD, NYGNPMKTPCNAD, NYADJDCO2GNZS, SLEMP1524SPMAZS, SLUEM1524MAZS, TMVALMRCHALZS, TXVALMRCHALZS, AGPRDLVSKXD, PANUSPRVTPP, SHSTAOB18FEZS, SHSTAOWADZS, EGELCACCSURZS, EGELCACCSZS, SEPRMENRRFE"
"Thailand","THA",3.2221,"SPURBGROW, SPPOPDPND, SPPOPDPNDOL, SPADOTFRT, SGHMETRVLEQ, SGLAWOBHBMRNO, SGOWNPRRTIM, SPDYNCDRTIN, SPDYNIMRTFEIN, SPPOP1014MA5Y, SPPOP1564MAZS, SPPOP0509MA5Y, SPPOP0509FE, SPPOP2024MA5Y, SPPOP65UPMAZS, SPPOP6569FE5Y, SPPOP7579MA5Y, SPPOPAG02MAIN, SPPOP5054MA5Y, NYGDPTOTLRTZS, TGVALTOTLGDZS, NEGDITOTLCN, NYGNPPCAPPPCD, NYGNPMKTPCNAD, NYADJDCO2GNZS, SLEMP1524SPMAZS, SLUEM1524MAZS, TMVALMRCHALZS, TXVALMRCHALZS, AGPRDLVSKXD, PANUSPRVTPP, SHSTAOB18FEZS, SHSTAOWADZS, EGELCACCSURZS, EGELCACCSZS, SEPRMENRRFE"
"Togo","TGO",3.0119,"SPURBGROW, SPPOPDPND, SPPOPDPNDOL, SPADOTFRT, SGHMETRVLEQ, SGLAWOBHBMRNO, SGOWNPRRTIM, SPDYNCDRTIN, SPDYNIMRTFEIN, SPPOP1014MA5Y, SPPOP1564MAZS, SPPOP0509MA5Y, SPPOP0509FE, SPPOP2024MA5Y, SPPOP65UPMAZS, SPPOP6569FE5Y, SPPOP7579MA5Y, SPPOPAG02MAIN, SPPOP5054MA5Y, NYGDPTOTLRTZS, TGVALTOTLGDZS, NEGDITOTLCN, NYGNPPCAPPPCD, NYGNPMKTPCNAD, NYADJDCO2GNZS, SLEMP1524SPMAZS, SLUEM1524MAZS, TMVALMRCHALZS, TXVALMRCHALZS, AGPRDLVSKXD, PANUSPRVTPP, SHSTAOB18FEZS, SHSTAOWADZS, EGELCACCSURZS, EGELCACCSZS, SEPRMENRRFE"
"Tunisia","TUN",0.8651,"SPURBGROW, SPPOPDPND, SPPOPDPNDOL, SPADOTFRT, SGHMETRVLEQ, SGLAWOBHBMRNO, SGOWNPRRTIM, SPDYNCDRTIN, SPDYNIMRTFEIN, SPPOP1014MA5Y, SPPOP1564MAZS, SPPOP0509MA5Y, SPPOP0509FE, SPPOP2024MA5Y, SPPOP65UPMAZS, SPPOP6569FE5Y, SPPOP7579MA5Y, SPPOPAG02MAIN, SPPOP5054MA5Y, NYGDPTOTLRTZS, TGVALTOTLGDZS, NEGDITOTLCN, NYGNPPCAPPPCD, NYGNPMKTPCNAD, NYADJDCO2GNZS, SLEMP1524SPMAZS, SLUEM1524MAZS, TMVALMRCHALZS, TXVALMRCHALZS, AGPRDLVSKXD, PANUSPRVTPP, SHSTAOB18FEZS, SHSTAOWADZS, EGELCACCSURZS, EGELCACCSZS, SEPRMENRRFE"
"Turkey","TUR",1.2376,"SPURBGROW, SPPOPDPND, SPPOPDPNDOL, SPADOTFRT, SGHMETRVLEQ, SGLAWOBHBMRNO, SGOWNPRRTIM, SPDYNCDRTIN, SPDYNIMRTFEIN, SPPOP1014MA5Y, SPPOP1564MAZS, SPPOP0509MA5Y, SPPOP0509FE, SPPOP2024MA5Y, SPPOP65UPMAZS, SPPOP6569FE5Y, SPPOP7579MA5Y, SPPOPAG02MAIN, SPPOP5054MA5Y, NYGDPTOTLRTZS, TGVALTOTLGDZS, NEGDITOTLCN, NYGNPPCAPPPCD, NYGNPMKTPCNAD, NYADJDCO2GNZS, SLEMP1524SPMAZS, SLUEM1524MAZS, TMVALMRCHALZS, TXVALMRCHALZS, AGPRDLVSKXD, PANUSPRVTPP, SHSTAOB18FEZS, SHSTAOWADZS, EGELCACCSURZS, EGELCACCSZS, SEPRMENRRFE"
"Uganda","UGA",3.3167,"SPURBGROW, SPPOPDPND, SPPOPDPNDOL, SPADOTFRT, SGHMETRVLEQ, SGLAWOBHBMRNO, SGOWNPRRTIM, SPDYNCDRTIN, SPDYNIMRTFEIN, SPPOP1014MA5Y, SPPOP1564MAZS, SPPOP0509MA5Y, SPPOP0509FE, SPPOP2024MA5Y, SPPOP65UPMAZS, SPPOP6569FE5Y, SPPOP7579MA5Y, SPPOPAG02MAIN, SPPOP5054MA5Y, NYGDPTOTLRTZS, TGVALTOTLGDZS, NEGDITOTLCN, NYGNPPCAPPPCD, NYGNPMKTPCNAD, NYADJDCO2GNZS, SLEMP1524SPMAZS, SLUEM1524MAZS, TMVALMRCHALZS, TXVALMRCHALZS, AGPRDLVSKXD, PANUSPRVTPP, SHSTAOB18FEZS, SHSTAOWADZS, EGELCACCSURZS, EGELCACCSZS, SEPRMENRRFE"
"Ukraine","UKR",1.098,"SPURBGROW, SPPOPDPND, SPPOPDPNDOL, SPADOTFRT, SGHMETRVLEQ, SGLAWOBHBMRNO, SGOWNPRRTIM, SPDYNCDRTIN, SPDYNIMRTFEIN, SPPOP1014MA5Y, SPPOP1564MAZS, SPPOP0509MA5Y, SPPOP0509FE, SPPOP2024MA5Y, SPPOP65UPMAZS, SPPOP6569FE5Y, SPPOP7579MA5Y, SPPOPAG02MAIN, SPPOP5054MA5Y, NYGDPTOTLRTZS, TGVALTOTLGDZS, NEGDITOTLCN, NYGNPPCAPPPCD, NYGNPMKTPCNAD, NYADJDCO2GNZS, SLEMP1524SPMAZS, SLUEM1524MAZS, TMVALMRCHALZS, TXVALMRCHALZS, AGPRDLVSKXD, PANUSPRVTPP, SHSTAOB18FEZS, SHSTAOWADZS, EGELCACCSURZS, EGELCACCSZS, SEPRMENRRFE"
"United Kingdom","GBR",1.6655,"SPURBGROW, SPPOPDPND, SPPOPDPNDOL, SPADOTFRT, SGHMETRVLEQ, SGLAWOBHBMRNO, SGOWNPRRTIM, SPDYNCDRTIN, SPDYNIMRTFEIN, SPPOP1014MA5Y, SPPOP1564MAZS, SPPOP0509MA5Y, SPPOP0509FE, SPPOP2024MA5Y, SPPOP65UPMAZS, SPPOP6569FE5Y, SPPOP7579MA5Y, SPPOPAG02MAIN, SPPOP5054MA5Y, NYGDPTOTLRTZS, TGVALTOTLGDZS, NEGDITOTLCN, NYGNPPCAPPPCD, NYGNPMKTPCNAD, NYADJDCO2GNZS, SLEMP1524SPMAZS, SLUEM1524MAZS, TMVALMRCHALZS, TXVALMRCHALZS, AGPRDLVSKXD, PANUSPRVTPP, SHSTAOB18FEZS, SHSTAOWADZS, EGELCACCSURZS, EGELCACCSZS, SEPRMENRRFE"
"United States","USA",1.397,"SPURBGROW, SPPOPDPND, SPPOPDPNDOL, SPADOTFRT, SGHMETRVLEQ, SGLAWOBHBMRNO, SGOWNPRRTIM, SPDYNCDRTIN, SPDYNIMRTFEIN, SPPOP1014MA5Y, SPPOP1564MAZS, SPPOP0509MA5Y, SPPOP0509FE, SPPOP2024MA5Y, SPPOP65UPMAZS, SPPOP6569FE5Y, SPPOP7579MA5Y, SPPOPAG02MAIN, SPPOP5054MA5Y, NYGDPTOTLRTZS, TGVALTOTLGDZS, NEGDITOTLCN, NYGNPPCAPPPCD, NYGNPMKTPCNAD, NYADJDCO2GNZS, SLEMP1524SPMAZS, SLUEM1524MAZS, TMVALMRCHALZS, TXVALMRCHALZS, AGPRDLVSKXD, PANUSPRVTPP, SHSTAOB18FEZS, SHSTAOWADZS, EGELCACCSURZS, EGELCACCSZS, SEPRMENRRFE"
"Uruguay","URY",1.1899,"SPURBGROW, SPPOPDPND, SPPOPDPNDOL, SPADOTFRT, SGHMETRVLEQ, SGLAWOBHBMRNO, SGOWNPRRTIM, SPDYNCDRTIN, SPDYNIMRTFEIN, SPPOP1014MA5Y, SPPOP1564MAZS, SPPOP0509MA5Y, SPPOP0509FE, SPPOP2024MA5Y, SPPOP65UPMAZS, SPPOP6569FE5Y, SPPOP7579MA5Y, SPPOPAG02MAIN, SPPOP5054MA5Y, NYGDPTOTLRTZS, TGVALTOTLGDZS, NEGDITOTLCN, NYGNPPCAPPPCD, NYGNPMKTPCNAD, NYADJDCO2GNZS, SLEMP1524SPMAZS, SLUEM1524MAZS, TMVALMRCHALZS, TXVALMRCHALZS, AGPRDLVSKXD, PANUSPRVTPP, SHSTAOB18FEZS, SHSTAOWADZS, EGELCACCSURZS, EGELCACCSZS, SEPRMENRRFE"
"Vietnam","VNM",2.6455,"SPURBGROW, SPPOPDPND, SPPOPDPNDOL, SPADOTFRT, SGHMETRVLEQ, SGLAWOBHBMRNO, SGOWNPRRTIM, SPDYNCDRTIN, SPDYNIMRTFEIN, SPPOP1014MA5Y, SPPOP1564MAZS, SPPOP0509MA5Y, SPPOP0509FE, SPPOP2024MA5Y, SPPOP65UPMAZS, SPPOP6569FE5Y, SPPOP7579MA5Y, SPPOPAG02MAIN, SPPOP5054MA5Y, NYGDPTOTLRTZS, TGVALTOTLGDZS, NEGDITOTLCN, NYGNPPCAPPPCD, NYGNPMKTPCNAD, NYADJDCO2GNZS, SLEMP1524SPMAZS, SLUEM1524MAZS, TMVALMRCHALZS, TXVALMRCHALZS, AGPRDLVSKXD, PANUSPRVTPP, SHSTAOB18FEZS, SHSTAOWADZS, EGELCACCSURZS, EGELCACCSZS, SEPRMENRRFE"
"Zambia","ZMB",2.9904,"SPURBGROW, SPPOPDPND, SPPOPDPNDOL, SPADOTFRT, SGHMETRVLEQ, SGLAWOBHBMRNO, SGOWNPRRTIM, SPDYNCDRTIN, SPDYNIMRTFEIN, SPPOP1014MA5Y, SPPOP1564MAZS, SPPOP0509MA5Y, SPPOP0509FE, SPPOP2024MA5Y, SPPOP65UPMAZS, SPPOP6569FE5Y, SPPOP7579MA5Y, SPPOPAG02MAIN, SPPOP5054MA5Y, NYGDPTOTLRTZS, TGVALTOTLGDZS, NEGDITOTLCN, NYGNPPCAPPPCD, NYGNPMKTPCNAD, NYADJDCO2GNZS, SLEMP1524SPMAZS, SLUEM1524MAZS, TMVALMRCHALZS, TXVALMRCHALZS, AGPRDLVSKXD, PANUSPRVTPP, SHSTAOB18FEZS, SHSTAOWADZS, EGELCACCSURZS, EGELCACCSZS, SEPRMENRRFE"
